district,pincodes,pct_increasing,pct_decreasing,avg_volatility
ANUGUL,1,100.0,0.0,0.7705908792257686
Adilabad,48,100.0,0.0,0.9680990094735499
Agar Malwa,6,100.0,0.0,0.6793780563463944
Agra,29,100.0,0.0,0.7338637155733907
Ahilyanagar,12,100.0,0.0,0.9787837597962059
Ahmadabad,24,100.0,0.0,0.6700026300056431
Ahmadnagar,70,100.0,0.0,1.0064402690368142
Ahmed Nagar,7,100.0,0.0,0.9833828336958754
Ahmedabad,49,100.0,0.0,0.7220188400965123
Aizawl,15,60.0,40.0,1.0896815803804254
Ajmer,51,100.0,0.0,0.739817507500303
Akola,25,100.0,0.0,0.893344272793683
Alappuzha,114,100.0,0.0,1.4465786144518118
Aligarh,32,100.0,0.0,0.7194007676623976
Alipurduar,13,100.0,0.0,0.6262242189558372
Alirajpur,3,100.0,0.0,0.615181501615128
Allahabad,34,100.0,0.0,0.8835299705479923
Alluri Sitharama Raju,17,94.11764705882352,5.88235294117647,0.8683101049454979
Almora,34,100.0,0.0,0.9083107139985235
Alwar,47,100.0,0.0,0.702289547924144
Ambala,20,100.0,0.0,0.7327151254015564
Ambedkar Nagar,30,100.0,0.0,0.8031531163989604
Amethi,32,100.0,0.0,0.7783138767905594
Amravati,42,100.0,0.0,0.8764831683350076
Amreli,35,100.0,0.0,0.6963681881652841
Amritsar,37,100.0,0.0,0.7561368922476469
Amroha,11,100.0,0.0,0.9384698711103142
Anakapalli,15,100.0,0.0,0.6638429735190428
Anand,59,100.0,0.0,0.6814732523658431
Anantapur,29,96.55172413793103,3.4482758620689653,0.7042805914324707
Ananthapur,29,96.55172413793103,3.4482758620689653,0.7200442749731498
Ananthapuramu,26,100.0,0.0,0.6872552014509321
Anantnag,13,100.0,0.0,0.7519521794390871
Angul,24,100.0,0.0,0.9173031390013847
Anjaw,1,100.0,0.0,0.6949257630311035
Annamayya,16,100.0,0.0,0.6668766938766706
Anugul,6,100.0,0.0,0.7032969509866338
Anuppur,14,100.0,0.0,0.7778408465667187
Araria,14,100.0,0.0,0.7294233778535395
Ariyalur,25,92.0,8.0,0.8573067725737882
Arvalli,12,100.0,0.0,0.6668842274463009
Arwal,8,100.0,0.0,0.7934675748591689
Ashok Nagar,3,100.0,0.0,0.9196697129212729
Auraiya,15,100.0,0.0,0.6961905692635842
Aurangabad,48,100.0,0.0,0.8651588489120177
Aurangabad(BH),2,100.0,0.0,0.746183126882985
Aurangabad(bh),5,100.0,0.0,0.7880805510469665
Ayodhya,18,100.0,0.0,0.7896900567179727
Azamgarh,45,100.0,0.0,0.7735609222947755
Badgam,5,100.0,0.0,0.692569005385687
Bagalkot,36,100.0,0.0,0.7029989453512386
Bagalkot *,1,100.0,0.0,0.5703802489564497
Bageshwar,12,100.0,0.0,0.7442746067155966
Baghpat,16,100.0,0.0,0.7662354119201047
Bagpat,1,100.0,0.0,0.7492564132822943
Bahraich,15,100.0,0.0,0.750504988587061
Bajali,1,100.0,0.0,0.6608482259729489
Baksa,13,100.0,0.0,0.6836441062969923
Balaghat,19,100.0,0.0,0.6657804750548135
Balangir,29,100.0,0.0,0.6674736315993389
Baleshwar,22,100.0,0.0,0.6739922334024381
Baleswar,37,97.2972972972973,2.7027027027027026,0.7756261637273159
Ballari,18,100.0,0.0,0.6741130285175437
Ballia,40,100.0,0.0,0.7874924952134428
Balod,10,100.0,0.0,0.6481723335397328
Baloda Bazar,14,100.0,0.0,0.7143760651387343
Balotra,4,100.0,0.0,0.8211044191080394
Balrampur,16,100.0,0.0,0.840116038292755
Banas Kantha,3,100.0,0.0,0.6800378227894671
Banaskantha,25,100.0,0.0,0.6838053687605714
Banda,11,100.0,0.0,0.7478484583390994
Bandipore,4,100.0,0.0,0.717297233770668
Bangalore,60,100.0,0.0,0.6273104758775429
Bangalore Rural,11,100.0,0.0,0.8370478230801723
Banka,26,100.0,0.0,0.8270032097723982
Bankura,65,100.0,0.0,0.6479913049848537
Banswara,18,100.0,0.0,0.9294249467143021
Bapatla,13,100.0,0.0,0.6978140514205454
Bara Banki,28,100.0,0.0,0.7942261306128483
Barabanki,11,100.0,0.0,0.742670720156909
Baramula,14,100.0,0.0,0.8402474821160729
Baran,13,100.0,0.0,0.8710662553147002
Barddhaman,104,100.0,0.0,0.7124516279292892
Bardez,3,100.0,0.0,0.7096279989163289
Bardhaman,25,100.0,0.0,0.6193051214184717
Bareilly,31,100.0,0.0,0.8386574601406719
Bargarh,23,100.0,0.0,0.7344328256926943
Barmer,23,100.0,0.0,0.733797118247748
Barnala,9,100.0,0.0,0.6378954946421354
Barpeta,17,100.0,0.0,0.7393257230052439
Barwani,8,87.5,12.5,0.6876218694200427
Bastar,8,100.0,0.0,0.7091890916981111
Basti,22,100.0,0.0,0.7544357628977661
Bathinda,21,100.0,0.0,0.7232556408972642
Baudh,3,100.0,0.0,0.7797751609580793
Beawar,3,100.0,0.0,0.8091899837849074
Beed,18,100.0,0.0,0.8498728565450802
Begusarai,31,100.0,0.0,0.7863058299247613
Belagavi,53,100.0,0.0,0.7350936200166268
Belgaum,57,100.0,0.0,0.7093205716572583
Bellary,19,100.0,0.0,0.7541797583958519
Bemetara,5,100.0,0.0,0.7193665921405646
Bengaluru,63,100.0,0.0,0.6834493486639536
Bengaluru Rural,1,100.0,0.0,0.864739850417433
Bengaluru South,8,100.0,0.0,0.7056563230810545
Betul,19,100.0,0.0,0.618892022033538
Bhabua,2,100.0,0.0,0.6487254219184593
Bhadohi,7,100.0,0.0,0.7401029325619797
Bhadrak,32,100.0,0.0,0.6579726144610356
Bhagalpur,29,100.0,0.0,0.8362663940286087
Bhandara,19,100.0,0.0,0.8915476060058001
Bharatpur,31,100.0,0.0,0.772888359828905
Bharuch,39,100.0,0.0,0.6905530421746805
Bhavnagar,37,100.0,0.0,0.6552990038549594
Bhilwara,36,100.0,0.0,0.9161727467735913
Bhind,20,100.0,0.0,0.5943114785617416
Bhiwani,21,100.0,0.0,0.7255857508904655
Bhojpur,40,100.0,0.0,0.9065962476552564
Bhopal,39,100.0,0.0,0.7240052249632161
Bid,10,100.0,0.0,0.8581102068126748
Bidar,25,100.0,0.0,0.6825252550039401
Bijapur,30,100.0,0.0,0.6904293080385855
Bijnor,28,100.0,0.0,0.7450498053148851
Bikaner,27,100.0,0.0,0.7028892840107475
Bilaspur,42,100.0,0.0,0.7520250425507159
Birbhum,48,97.91666666666666,2.083333333333333,0.8474568942800254
Bishnupur,1,100.0,0.0,1.2021082342743183
Biswanath,8,100.0,0.0,0.7417033574007338
Bokaro,34,97.05882352941177,2.941176470588235,0.7581506480592449
Bongaigaon,12,100.0,0.0,0.7271818535371608
Botad,8,100.0,0.0,0.6310662196848426
Boudh,8,100.0,0.0,0.7414576913635776
Budaun,23,100.0,0.0,0.8520606810142265
Budgam,5,100.0,0.0,0.9223996991785007
Bulandshahar,5,100.0,0.0,0.7697902399614384
Bulandshahr,44,100.0,0.0,0.7986225470637333
Buldana,15,100.0,0.0,0.9975910522741359
Buldhana,15,100.0,0.0,0.9986278922751594
Bundi,18,100.0,0.0,0.7513994903587149
Burhanpur,3,100.0,0.0,0.6565117445449463
Buxar,23,100.0,0.0,0.779978989964673
Cachar,49,100.0,0.0,0.7410323355820186
Central Delhi,10,100.0,0.0,0.8503568250758067
Chamarajanagar,6,100.0,0.0,0.8519906729447486
Chamarajanagar *,1,100.0,0.0,3.3166247903554
Chamba,26,100.0,0.0,0.9101710709025945
Chamoli,27,100.0,0.0,0.816335165570443
Champawat,9,100.0,0.0,0.7441903896888832
Champhai,4,0.0,100.0,1.2180124173158955
Chamrajanagar,9,100.0,0.0,0.6992458106881991
Chamrajnagar,5,100.0,0.0,0.6681444625650422
Chandauli,18,100.0,0.0,0.8552275802151432
Chandel,5,100.0,0.0,1.0558942991523899
Chandigarh,26,100.0,0.0,0.7278826767425267
Chandrapur,33,100.0,0.0,1.0012323434572115
Changlang,7,100.0,0.0,1.1050013341450475
Charaideo,9,100.0,0.0,0.7511750514477399
Charkhi Dadri,8,100.0,0.0,0.7181630500560785
Chatra,9,100.0,0.0,0.7605713116620164
Chatra *,1,100.0,0.0,2.2360679774997902
Chengalpattu,20,100.0,0.0,0.8016485545507137
Chennai,69,100.0,0.0,0.7955503655028817
Chhatarpur,20,100.0,0.0,0.6317402818460061
Chhatrapati Sambhajinagar,12,100.0,0.0,0.9061004200964199
Chhindwara,23,100.0,0.0,0.6413337471062934
Chhotaudepur,12,100.0,0.0,0.6362704219989309
Chickmagalur,21,100.0,0.0,0.7561637343904406
Chikkaballapur,19,100.0,0.0,0.7199546897735534
Chikkamagaluru,18,100.0,0.0,0.7330801981518567
Chikmagalur,8,100.0,0.0,0.81175562352708
Chirang,6,100.0,0.0,0.7575956307820416
Chitradurga,40,100.0,0.0,0.7591055124003996
Chitrakoot,7,100.0,0.0,0.7384138621200095
Chittaurgarh,8,100.0,0.0,0.8106277117060362
Chittoor,86,100.0,0.0,0.6660627680214227
Chittorgarh,26,100.0,0.0,0.8982523595473624
Chumukedima,1,100.0,0.0,0.5937732193839202
Churachandpur,9,100.0,0.0,0.9819999679691939
Churu,25,100.0,0.0,0.7006001979026361
Coimbatore,103,100.0,0.0,0.7444499583209243
Cooch Behar,22,100.0,0.0,0.6611217929389764
Cuddalore,59,98.30508474576271,1.694915254237288,0.8370853873432443
Cuddapah,52,100.0,0.0,0.7094595055148669
Cuttack,65,100.0,0.0,0.8155587876310421
Dadra and Nagar Haveli,4,100.0,0.0,0.6067230693806911
Dahod,9,100.0,0.0,0.6439681620680302
Dakshin Bastar Dantewada,5,100.0,0.0,0.689161163515571
Dakshin Dinajpur,24,100.0,0.0,0.7776105837898198
Dakshina Kannada,99,100.0,0.0,0.758196699000951
Daman,3,100.0,0.0,0.8561829739501624
Damoh,13,92.3076923076923,7.6923076923076925,0.6401820253563959
Dantewada,2,100.0,0.0,0.7657732294292314
Darbhanga,43,100.0,0.0,0.7631490938005127
Darjeeling,45,100.0,0.0,0.7692010640808816
Darjiling,10,100.0,0.0,0.6837983860833461
Darrang,9,100.0,0.0,0.6630506725006158
Datia,9,100.0,0.0,0.6434580645209866
Dausa,26,100.0,0.0,0.685049424580656
Davanagere,20,100.0,0.0,0.6165930067339083
Davangere,17,100.0,0.0,0.6502837985357071
Debagarh,6,100.0,0.0,0.7009455125041226
Deeg ,1,100.0,0.0,0.6483961888363393
Dehradun,41,100.0,0.0,0.803857405179275
Deoghar,17,94.11764705882352,5.88235294117647,0.9609343848511886
Deoria,25,100.0,0.0,0.7307628604655717
Devbhumi Dwarka,7,100.0,0.0,0.6732705796517484
Dewas,17,100.0,0.0,0.5867187688627058
Dhalai,8,100.0,0.0,0.7706922378633424
Dhalai  *,1,100.0,0.0,0.7124312447943737
Dhamtari,10,100.0,0.0,0.6584913495235062
Dhanbad,50,100.0,0.0,0.7733007985329844
Dhar,24,100.0,0.0,0.8089316298051731
Dharashiv,9,100.0,0.0,0.961037887785599
Dharmapuri,31,100.0,0.0,0.7813359647107926
Dharwad,38,100.0,0.0,0.6818997420284915
Dhaulpur,2,100.0,0.0,0.9032472109663559
Dhemaji,11,100.0,0.0,0.6913374845586407
Dhenkanal,22,100.0,0.0,0.6600792040632805
Dholpur,11,100.0,0.0,0.7426408380942551
Dhubri,13,100.0,0.0,0.7803809488753964
Dhule,27,100.0,0.0,0.7818326494983947
Dibang Valley,2,100.0,0.0,0.8069493658167839
Dibrugarh,28,100.0,0.0,0.7490493826745601
Didwana-Kuchaman,3,100.0,0.0,0.6915751583102976
Dimapur,6,100.0,0.0,0.6061175425336179
Dindigul,56,100.0,0.0,0.6764576923448109
Dindori,7,71.42857142857143,28.57142857142857,0.8141424791775894
Diu,3,100.0,0.0,0.9384892703830657
Doda,8,100.0,0.0,0.7667952259425754
Dohad,5,100.0,0.0,0.5590849402489504
Dr. B. R. Ambedkar Konaseema,22,100.0,0.0,0.6448813098975618
Dumka,15,100.0,0.0,0.772109674937413
Dungarpur,26,100.0,0.0,0.9868964082855507
Durg,20,100.0,0.0,0.681569016213553
East,5,100.0,0.0,0.6625901980727977
East Champaran,32,100.0,0.0,0.78017711422453
East Delhi,8,87.5,12.5,0.6583492363857523
East Garo Hills,1,100.0,0.0,0.6793234399654136
East Godavari,93,100.0,0.0,0.6572850127930417
East Jaintia Hills,2,100.0,0.0,0.5788108952261403
East Kameng,1,100.0,0.0,0.7036813906599144
East Khasi Hills,28,100.0,0.0,0.6818004058955103
East Midnapore,33,100.0,0.0,0.6179070474783932
East Nimar,10,100.0,0.0,0.6153560824556769
East Siang,2,100.0,0.0,1.3559732344853737
East Sikkim,4,100.0,0.0,0.6621318582777558
East Singhbhum,17,100.0,0.0,0.6868602193269164
Eastern West Khasi Hills,1,100.0,0.0,0.5955376553888722
Eluru,15,100.0,0.0,0.6534357463676616
Ernakulam,139,100.0,0.0,1.384286873876938
Erode,57,100.0,0.0,0.7452767390651449
Etah,17,100.0,0.0,0.893195636411869
Etawah,14,100.0,0.0,0.7029864210700685
Faizabad,22,100.0,0.0,0.7277616969297369
Faridabad,15,100.0,0.0,0.7099319827827274
Faridkot,6,100.0,0.0,0.6853862028635417
Farrukhabad,25,100.0,0.0,0.9235448488792756
Fatehabad,9,100.0,0.0,0.5829957035741008
Fatehgarh Sahib,15,100.0,0.0,0.7467969326615606
Fatehpur,27,100.0,0.0,0.7806698077550037
Fazilka,6,100.0,0.0,0.8630808313249028
Ferozepur,11,100.0,0.0,0.653256766203579
Firozabad,23,100.0,0.0,0.7716593156474305
Firozpur,8,100.0,0.0,0.7371060140121519
Gadag,18,100.0,0.0,0.6982617967059835
Gadag *,4,100.0,0.0,0.6849619061033346
Gadchiroli,14,100.0,0.0,1.0032756250800252
Gajapati,16,100.0,0.0,0.714675012342117
Ganderbal,1,100.0,0.0,0.703223822139861
Gandhinagar,43,97.67441860465115,2.3255813953488373,0.8288246692279019
Ganganagar,28,100.0,0.0,0.6862032676680334
Ganjam,81,100.0,0.0,0.7970764832732505
Garhwa,10,100.0,0.0,0.7495350824846856
Garhwa *,2,100.0,0.0,0.7224464886532742
Garhwal,6,100.0,0.0,1.3310324163099232
Gariyaband,10,100.0,0.0,0.8748438757690021
Gautam Buddha Nagar,25,100.0,0.0,0.7650665142376049
Gaya,31,100.0,0.0,0.8031081058756694
Ghaziabad,21,100.0,0.0,0.8191100143264342
Ghazipur,42,100.0,0.0,0.7554604572936923
Gir Somnath,9,100.0,0.0,0.7485410767782307
Giridih,20,100.0,0.0,0.8408184755154087
Goalpara,13,100.0,0.0,0.7415010807492666
Godda,8,100.0,0.0,0.8245103032446686
Golaghat,19,100.0,0.0,0.7014806962005448
Gomati,4,100.0,0.0,0.8556810254297464
Gonda,34,100.0,0.0,0.759905970628487
Gondia,2,100.0,0.0,0.9415664003996592
Gondiya,5,100.0,0.0,0.9781697994879464
Gondiya *,5,100.0,0.0,1.0971113682133418
Gopalganj,16,100.0,0.0,0.7079787896936448
Gorakhpur,41,100.0,0.0,0.7505628366188073
Gulbarga,21,100.0,0.0,0.6483737393618008
Gumla,13,100.0,0.0,0.6725894939169564
Guna,19,100.0,0.0,0.728621450063584
Guntur,87,100.0,0.0,0.6776043466836977
Gurdaspur,29,100.0,0.0,0.671308477491966
Gurgaon,31,100.0,0.0,0.7904947340363834
Gwalior,16,100.0,0.0,0.6618818708418069
Hailakandi,12,100.0,0.0,0.8174828365904266
Hamirpur,60,100.0,0.0,0.7902755971132417
Hanumangarh,15,100.0,0.0,0.7167984156401451
Haora,28,100.0,0.0,0.615026851620793
Hapur,8,100.0,0.0,0.6604640942199179
Harda,2,100.0,0.0,0.5552764222600616
Harda *,3,100.0,0.0,0.7827436794813885
Hardoi,24,100.0,0.0,0.7719982717001527
Hardwar,6,100.0,0.0,0.9854664711202323
Haridwar,10,100.0,0.0,0.9521905197769025
Hasan,23,100.0,0.0,0.6678407076972366
Hassan,27,96.29629629629629,3.7037037037037033,0.7899623849672343
Hathras,12,100.0,0.0,0.7428086492153009
Haveri,26,96.15384615384616,3.8461538461538463,0.715489193660981
Haveri *,3,100.0,0.0,0.683034363462459
Hazaribag,3,100.0,0.0,0.7310598738005408
Hazaribagh,15,100.0,0.0,0.7274965089114912
Hingoli,9,100.0,0.0,0.9926725456822854
Hisar,16,100.0,0.0,0.7035982532191555
Hojai,2,100.0,0.0,0.7572534751850828
Hooghly,85,100.0,0.0,0.6259457793732633
Hoshangabad,12,100.0,0.0,0.7184923191481739
Hoshiarpur,53,100.0,0.0,0.6984987004893787
Howrah,31,100.0,0.0,0.7235747932728772
Hugli,11,100.0,0.0,0.5890430166265582
Hyderabad,67,100.0,0.0,0.8786348256974206
Idukki,57,100.0,0.0,1.397926811173199
Imphal East,5,100.0,0.0,1.261009189194883
Imphal West,8,100.0,0.0,1.248018445014393
Indore,28,100.0,0.0,0.6817924571443669
JAJPUR,15,100.0,0.0,0.6528005449390865
Jabalpur,25,100.0,0.0,0.7007098115175238
Jagatsinghapur,16,100.0,0.0,0.735773082693917
Jagatsinghpur,12,100.0,0.0,0.7736640098749685
Jaipur,83,100.0,0.0,0.7661300995798968
Jaisalmer,13,100.0,0.0,0.7236041929672715
Jajapur,32,100.0,0.0,0.8262980986350051
Jalandhar,65,100.0,0.0,0.7007450290114547
Jalaun,18,100.0,0.0,0.7430707553818358
Jalgaon,66,100.0,0.0,0.933689394922947
Jalna,18,100.0,0.0,0.8368148541949343
Jalor,18,100.0,0.0,0.7949365616011623
Jalore,4,100.0,0.0,0.7916543847431906
Jalpaiguri,57,100.0,0.0,0.671645803008114
Jammu,40,100.0,0.0,0.7505198693871857
Jamnagar,43,100.0,0.0,0.7404908632002851
Jamtara,6,100.0,0.0,0.7282101008809881
Jamui,11,100.0,0.0,0.7640210838840095
Janjgir - Champa,2,100.0,0.0,0.6485438931666001
Janjgir Champa,5,100.0,0.0,0.7181740788561853
Janjgir-champa,8,100.0,0.0,0.7621084042857315
Jashpur,13,100.0,0.0,0.777870616531515
Jaunpur,52,100.0,0.0,0.7677577849321714
Jehanabad,15,100.0,0.0,0.8617846440784783
Jhabua,12,100.0,0.0,0.5911747703711498
Jhajjar,17,100.0,0.0,0.7038367058896217
Jhalawar,18,100.0,0.0,0.9234282686594101
Jhansi,24,100.0,0.0,0.7317595946673651
Jhargram,9,100.0,0.0,0.6010350319913852
Jharsuguda,18,100.0,0.0,0.7635696931434386
Jhunjhunu,7,100.0,0.0,0.6538355618268437
Jhunjhunun,43,100.0,0.0,0.7064862184837674
Jind,11,100.0,0.0,0.5910978912713026
Jiribam,1,100.0,0.0,1.1259293862292246
Jodhpur,40,100.0,0.0,0.7277734037871645
Jorhat,32,100.0,0.0,0.8366401181076565
Junagadh,42,100.0,0.0,0.752613019435942
Jyotiba Phule Nagar,2,100.0,0.0,0.78813144605617
K.V.Rangareddy,16,100.0,0.0,1.0940831484780917
K.v. Rangareddy,8,100.0,0.0,1.0865875420393403
Kachchh,57,96.49122807017544,3.508771929824561,0.7570754121270563
Kaimur (Bhabua),6,100.0,0.0,0.7751984064118465
Kaithal,11,100.0,0.0,0.5753335252216201
Kakinada,11,100.0,0.0,0.6576237445464197
Kalaburagi,21,100.0,0.0,0.6529487252246108
Kalahandi,26,100.0,0.0,0.6912539438473542
Kalimpong,5,100.0,0.0,0.617921144640502
Kallakurichi,6,100.0,0.0,0.7280761064077997
Kamle,1,100.0,0.0,1.3173346786474263
Kamrup,40,100.0,0.0,0.7009866501277873
Kamrup Metro,33,100.0,0.0,0.6863379205747266
Kancheepuram,70,100.0,0.0,0.8065682831789018
Kandhamal,23,100.0,0.0,0.7156925524444064
Kangra,102,100.0,0.0,0.8033087926342092
Kanker,6,100.0,0.0,0.8100436021594862
Kannauj,17,100.0,0.0,0.7494629231255484
Kanniyakumari,52,100.0,0.0,1.1579483661725734
Kannur,97,100.0,0.0,1.379674263128649
Kanpur Dehat,20,100.0,0.0,0.7238756799323289
Kanpur Nagar,38,100.0,0.0,0.7557311113196669
Kanyakumari,29,100.0,0.0,0.7367593239372215
Kapurthala,22,100.0,0.0,0.7786244868076093
Karaikal,8,100.0,0.0,0.6915462648538402
Karauli,21,100.0,0.0,0.6727951645678668
Karbi Anglong,16,100.0,0.0,0.8059839284440993
Kargil,6,100.0,0.0,0.7848793943865414
Karim Nagar,23,100.0,0.0,1.1025346630057273
Karimganj,17,100.0,0.0,0.8672061795379246
Karimnagar,58,100.0,0.0,1.0502667826795347
Karnal,15,100.0,0.0,0.5821610376469322
Karur,37,100.0,0.0,0.7537752106369856
Kasaragod,21,100.0,0.0,1.3367454214775225
Kasargod,10,100.0,0.0,1.27350225862348
Kasganj,7,100.0,0.0,0.7312791494254914
Kathua,14,100.0,0.0,0.6691300665404217
Katihar,20,100.0,0.0,0.7408435302609323
Katni,13,100.0,0.0,0.6906895931033138
Kaushambi,12,100.0,0.0,0.7043718602869284
Kawardha,4,100.0,0.0,0.7812318441391848
Kendrapara,35,100.0,0.0,0.7774555570911948
Kendujhar,47,100.0,0.0,0.83470537052502
Khagaria,14,100.0,0.0,0.8274132092399028
Khairagarh Chhuikhadan Gandai,1,100.0,0.0,0.9608286749779131
Khairthal-Tijara,1,100.0,0.0,0.681200604293481
Khammam,53,100.0,0.0,0.9256858680644142
Khandwa,4,100.0,0.0,0.5966003734898399
Khargone,8,100.0,0.0,0.6004377907678996
Kheda,46,100.0,0.0,0.679609760888712
Kheri,26,100.0,0.0,0.8260812002935137
Khorda,42,97.61904761904762,2.380952380952381,0.7442619682695241
Khordha,21,100.0,0.0,0.6804770874661511
Khowai,3,100.0,0.0,0.8024997808790939
Khunti,6,100.0,0.0,0.6530937737646162
Kinnaur,14,100.0,0.0,0.8465327182843978
Kishanganj,6,100.0,0.0,0.864060387796293
Kishtwar,3,100.0,0.0,1.4999859087823129
Koch Bihar,14,100.0,0.0,0.7374986195500182
Kodagu,26,100.0,0.0,0.7143914336661816
Kodarma,2,100.0,0.0,1.9901546503253027
Koderma,6,100.0,0.0,0.8320068119516613
Kohima,6,100.0,0.0,0.6303170811600322
Kokrajhar,14,100.0,0.0,0.7769798161212474
Kolar,30,100.0,0.0,0.7131958340111916
Kolasib,9,33.33333333333333,66.66666666666666,1.282683128276489
Kolhapur,79,100.0,0.0,0.9167723881411952
Kolkata,77,100.0,0.0,0.6147076789098159
Kollam,111,100.0,0.0,1.3614713877684268
Kondagaon,6,100.0,0.0,0.8583667221718048
Koppal,28,100.0,0.0,0.7618767941907192
Koraput,32,100.0,0.0,0.7397451844285005
Korba,14,100.0,0.0,0.6435839987251193
Koriya,13,100.0,0.0,0.9069279842415027
Kota,28,100.0,0.0,0.7456097504090419
Kottayam,121,100.0,0.0,1.452652039177318
Kozhikode,88,100.0,0.0,1.30274009020271
Krishna,95,100.0,0.0,0.6558336428006372
Krishnagiri,29,100.0,0.0,0.765161698738088
Kulgam,2,100.0,0.0,0.6648936987406393
Kullu,23,100.0,0.0,0.7903427731905147
Kupwara,6,100.0,0.0,0.6267404387065406
Kurnool,70,100.0,0.0,0.6734852014585876
Kurukshetra,12,100.0,0.0,0.5713547546299611
Kurung Kumey,1,100.0,0.0,0.5982453426485307
Kushinagar,18,100.0,0.0,0.7631620214558001
Kushinagar *,1,100.0,0.0,0.771824399862736
Lahaul and Spiti,1,100.0,0.0,1.0830173117580186
Lahul & Spiti,3,100.0,0.0,1.186601596516192
Lahul and Spiti,4,100.0,0.0,1.0622428509198154
Lakhimpur,15,100.0,0.0,0.7741426707216033
Lakhisarai,7,100.0,0.0,0.729953871705059
Lakshadweep,9,100.0,0.0,0.6937056051306715
Lalitpur,10,100.0,0.0,0.7394780419311011
Latehar,7,100.0,0.0,0.7753662840266032
Latur,23,100.0,0.0,0.818577278966145
Lawngtlai,3,33.33333333333333,66.66666666666666,0.8963785379102328
Leh,9,100.0,0.0,1.1258413157330036
Lohardaga,6,100.0,0.0,0.7132281003602953
Lohit,3,100.0,0.0,0.6968832124451364
Longding,2,100.0,0.0,0.7618656827687168
Longleng,2,100.0,0.0,0.5949252322234331
Lower Subansiri,2,100.0,0.0,0.7362105706258215
Lucknow,56,100.0,0.0,0.7805247435450772
Ludhiana,72,100.0,0.0,0.6954228415038959
Lunglei,8,12.5,87.5,1.0814404116920295
MALDA,1,100.0,0.0,0.8118705722427213
Madhepura,14,100.0,0.0,0.7997920731966154
Madhubani,35,100.0,0.0,0.8245440945501376
Madurai,57,100.0,0.0,0.8125779988425347
Mahabub Nagar,24,100.0,0.0,1.0783750734059327
Mahabubnagar,5,100.0,0.0,0.9356929039970376
Maharajganj,11,100.0,0.0,0.8131678306680737
Mahasamund,5,100.0,0.0,0.7921896700331599
Mahbubnagar,41,100.0,0.0,1.0339659893296964
Mahendragarh,7,100.0,0.0,0.5556145648164312
Mahesana,51,100.0,0.0,0.7687746937785019
Mahisagar,9,100.0,0.0,0.6103912294542762
Mahoba,7,100.0,0.0,0.812055774491537
Mahrajganj,1,100.0,0.0,0.890436227972983
Maihar,4,100.0,0.0,0.5661837486803303
Mainpuri,17,100.0,0.0,0.7586135114047035
Majuli,1,100.0,0.0,1.4694614472716958
Malappuram,100,100.0,0.0,1.325189178060098
Malda,21,100.0,0.0,0.6427269789929906
Maldah,16,100.0,0.0,0.6278618952529321
Malerkotla,2,100.0,0.0,0.5847889923286542
Malkangiri,8,100.0,0.0,0.7384355982255599
Mamit,2,0.0,100.0,1.268004615737743
Mammit,2,50.0,50.0,1.380745135871321
Mandi,66,100.0,0.0,0.8561636410511392
Mandla,16,100.0,0.0,0.7019341600753677
Mandsaur,18,100.0,0.0,0.5995017122921946
Mandya,43,100.0,0.0,0.6968768118111703
Manendragarh–Chirmiri–Bharatpur,1,100.0,0.0,1.0082510848768804
Mansa,8,100.0,0.0,0.6391698662741918
Marigaon,12,100.0,0.0,0.7560846957337972
Mathura,27,100.0,0.0,0.7447884296613807
Mau,20,100.0,0.0,0.8141472089130423
Mauganj,4,100.0,0.0,0.565877580102648
Mayiladuthurai,17,100.0,0.0,0.7859942236004719
Mayurbhanj,65,100.0,0.0,0.679955705416662
Medak,76,100.0,0.0,1.0609470234744576
Meerut,24,100.0,0.0,0.7861934833331836
Meluri,1,100.0,0.0,0.9348878106830925
Mewat,3,100.0,0.0,0.5954292400267643
Mirzapur,18,100.0,0.0,0.7765979228259139
Moga,20,100.0,0.0,0.6286245943279458
Mohali,1,100.0,0.0,0.591937158781476
Mohla-Manpur-Ambagarh Chouki,2,100.0,0.0,0.74273198704032
Mokokchung,7,100.0,0.0,0.848327893181455
Mon,4,100.0,0.0,0.5918258226121247
Moradabad,23,100.0,0.0,0.8691543373938323
Morbi,7,100.0,0.0,0.635233016901945
Morena,11,100.0,0.0,0.623108928184887
Muktsar,8,100.0,0.0,0.6224123283502103
Mumbai,53,100.0,0.0,0.8804646964247278
Mumbai City,20,100.0,0.0,0.8907095837749667
Mumbai Suburban,23,100.0,0.0,0.7749250535626395
Mumbai( Sub Urban ),5,100.0,0.0,0.7955076147247078
Mungeli,7,100.0,0.0,0.7013768923774412
Munger,10,100.0,0.0,0.7622837768565109
Murshidabad,94,100.0,0.0,0.7186690083037086
Muzaffarnagar,24,100.0,0.0,0.7198784555202492
Muzaffarpur,49,100.0,0.0,0.8062982321233755
Mysore,34,100.0,0.0,0.69319151790358
Mysuru,33,100.0,0.0,0.7476894379316821
N. T. R,12,100.0,0.0,0.6449029868513999
NAYAGARH,1,100.0,0.0,0.6667441623174851
NUAPADA,1,100.0,0.0,0.8421922564066674
Nabarangapur,15,100.0,0.0,0.7374420079649364
Nadia,74,100.0,0.0,0.6078424655227491
Nagaon,27,100.0,0.0,0.854012506992094
Nagapattinam,70,100.0,0.0,0.8000484374775151
Nagaur,44,100.0,0.0,0.7548590425735309
Nagpur,68,100.0,0.0,0.7916937353343548
Nainital,22,100.0,0.0,0.9684052122606842
Nalanda,26,100.0,0.0,0.8834130738660182
Nalbari,24,100.0,0.0,0.827450443549823
Nalgonda,57,100.0,0.0,1.0154874531907716
Namakkal,59,100.0,0.0,0.773587363161767
Namsai,1,100.0,0.0,0.6283514622183368
Nanded,44,100.0,0.0,1.0352445493844635
Nandurbar,13,100.0,0.0,0.9181807734661727
Nandurbar *,5,100.0,0.0,0.8795639005227788
Nandyal,16,100.0,0.0,0.6742170814244536
Narayanpur,1,100.0,0.0,0.6677274798958409
Narmada,10,100.0,0.0,0.6915994074533103
Narmadapuram,9,100.0,0.0,0.7034346936652941
Narsimhapur,9,100.0,0.0,0.5837874853344812
Narsinghpur,7,100.0,0.0,0.6251393776242153
Nashik,77,100.0,0.0,0.8667178769337747
Navsari,41,100.0,0.0,0.7904846106404231
Nawada,21,100.0,0.0,0.8071174617357222
Nawanshahr,12,100.0,0.0,0.7082273763792543
Nayagarh,22,100.0,0.0,0.7142286524432749
Neemuch,12,100.0,0.0,0.6630305409496847
Nellore,54,100.0,0.0,0.6582639249062878
New Delhi,1,100.0,0.0,0.6238402417703851
Nicobar,4,75.0,25.0,1.0001367692900256
Niwari,5,100.0,0.0,0.6943249720595082
Nizamabad,51,100.0,0.0,1.0707859751090172
Noklak,1,100.0,0.0,0.6470732508361142
North,1,100.0,0.0,0.9609816542403938
North 24 Parganas,107,100.0,0.0,0.6349059452587966
North And Middle Andaman,7,100.0,0.0,0.7145620427936187
North Cachar Hills,7,100.0,0.0,0.8490825388683161
North Delhi,4,100.0,0.0,0.6951206691439831
North Dinajpur,4,100.0,0.0,0.5973523256356182
North East Delhi,1,100.0,0.0,0.7590452524677521
North Garo Hills,4,100.0,0.0,0.7139409428053904
North Goa,49,100.0,0.0,0.7878104545425587
North Sikkim,4,100.0,0.0,0.8706753374389385
North Tripura,16,100.0,0.0,0.7445864537650823
North Twenty Four Parganas,29,100.0,0.0,0.9831796014807065
North West Delhi,18,88.88888888888889,11.11111111111111,0.6514422801998005
Nuapada,7,100.0,0.0,0.6460171597561003
Osmanabad,16,100.0,0.0,0.9510765572954264
Pakaur,2,100.0,0.0,0.7691557006208393
Pakur,2,100.0,0.0,0.7978458192255264
Palakkad,138,100.0,0.0,1.3845688595155363
Palamau,2,100.0,0.0,0.8920177211584589
Palamu,11,100.0,0.0,0.8473595804302758
Palghar,17,100.0,0.0,0.9562239856048609
Pali,43,100.0,0.0,0.7100630537571458
Palnadu,16,100.0,0.0,0.6745481834337086
Palwal,4,100.0,0.0,0.5864011247248822
Panch Mahals,3,100.0,0.0,0.6402316882647486
Panchkula,19,100.0,0.0,0.7144273796059757
Panchmahals,16,100.0,0.0,0.6539791637133053
Pandhurna,3,100.0,0.0,0.676896396217459
Panipat,13,100.0,0.0,0.6167131851960002
Panna,14,92.85714285714286,7.142857142857142,0.7090969827286376
Papum Pare,7,100.0,0.0,0.6638750041544942
Parbhani,14,100.0,0.0,0.9108119312592049
Parvathipuram Manyam,11,100.0,0.0,0.7082058882875732
Paschim Bardhaman,22,100.0,0.0,0.6810712997934832
Paschim Medinipur,61,100.0,0.0,0.6826948487593867
Pashchim Champaran,6,100.0,0.0,0.7639364907475512
Pashchimi Singhbhum,2,100.0,0.0,1.424178557764398
Patan,19,100.0,0.0,0.6788836274812725
Pathanamthitta,103,100.0,0.0,1.435705682481981
Pathankot,8,100.0,0.0,0.6760617163602196
Patiala,15,100.0,0.0,0.6140851738958106
Patna,69,100.0,0.0,0.8864890667344129
Pauri Garhwal,41,100.0,0.0,0.8236634451842872
Perambalur,24,100.0,0.0,0.7464826630584054
Peren,2,100.0,0.0,0.6597182626828741
Phalodi,1,100.0,0.0,0.8199338188124091
Phek,3,100.0,0.0,0.7524169170913938
Pherzawl,3,100.0,0.0,1.0914345475111051
Pilibhit,5,100.0,0.0,0.6977057183681028
Pithoragarh,25,100.0,0.0,0.864656912742507
Pondicherry,26,100.0,0.0,0.6892721143794083
Porbandar,10,100.0,0.0,0.6929360370521365
Prakasam,93,100.0,0.0,0.6771169462008114
Pratapgarh,52,100.0,0.0,0.8110822785555304
Prayagraj,18,100.0,0.0,0.8680241326058208
Puducherry,4,100.0,0.0,1.3757738919329594
Pudukkottai,52,100.0,0.0,0.7787386181369467
Pulwama,10,100.0,0.0,0.8659390006244321
Punch,6,100.0,0.0,0.7120735160118666
Pune,150,100.0,0.0,0.8556585972409041
Purba Bardhaman,13,100.0,0.0,0.6316784262223358
Purba Champaran,7,100.0,0.0,0.7830406443116916
Purba Medinipur,61,100.0,0.0,0.6910162218310545
Purbi Singhbhum,11,100.0,0.0,0.8673786888363902
Puri,27,100.0,0.0,0.7508050112875877
Purnea,4,100.0,0.0,0.6302730974186425
Purnia,14,100.0,0.0,0.7078111718736614
Purulia,10,100.0,0.0,0.7556125058775603
Puruliya,33,100.0,0.0,0.6707685041890645
Rae Bareli,33,96.96969696969697,3.0303030303030303,0.8564372366238078
Raebareli,1,100.0,0.0,0.807883513912885
Raichur,30,100.0,0.0,0.6493165805839034
Raigad,15,100.0,0.0,0.9772819482828161
Raigarh,58,98.27586206896551,1.7241379310344827,0.9246202222436735
Raigarh(MH),3,100.0,0.0,0.8812392721134795
Raipur,29,100.0,0.0,0.8231211000365343
Raisen,19,100.0,0.0,0.6502944530761788
Rajgarh,15,86.66666666666667,13.333333333333334,0.6507118895258108
Rajkot,44,100.0,0.0,0.7096277371916869
Rajnandgaon,9,77.77777777777779,22.22222222222222,1.3925976408553347
Rajouri,11,100.0,0.0,0.6926010472706564
Rajsamand,25,100.0,0.0,0.7943191884567917
Ramanagar,10,100.0,0.0,1.0391918125420496
Ramanathapuram,59,100.0,0.0,0.7912359483977427
Ramban,2,100.0,0.0,0.9546533943931048
Ramgarh,22,100.0,0.0,0.8036629231471788
Rampur,8,100.0,0.0,0.7544854162898911
Ranchi,30,100.0,0.0,0.9761998099541732
Rangareddi,35,100.0,0.0,0.917949965058229
Ranipet,9,100.0,0.0,0.7866491307274518
Ratlam,12,100.0,0.0,0.6682992881492794
Ratnagiri,72,100.0,0.0,1.0285125196586056
Rayagada,18,100.0,0.0,0.6979752972965338
Reasi,7,100.0,0.0,0.7306467923909384
Rewa,27,100.0,0.0,0.6372624474663696
Rewari,15,100.0,0.0,0.7882179852830159
Ri Bhoi,8,100.0,0.0,0.8172795217366133
Rohtak,15,100.0,0.0,0.5746779040055857
Rohtas,31,100.0,0.0,0.7905219239999605
Rudraprayag,12,100.0,0.0,1.0093984924216957
Rupnagar,19,100.0,0.0,0.6919886800693206
S.A.S Nagar(Mohali),6,100.0,0.0,0.570749933670928
SAS Nagar (Mohali),9,100.0,0.0,0.696161884510222
Sabar Kantha,4,100.0,0.0,0.6884462625166805
Sabarkantha,30,100.0,0.0,0.6510270532835839
Sagar,29,100.0,0.0,0.7665850510497153
Saharanpur,23,100.0,0.0,0.7502555675239242
Saharsa,14,100.0,0.0,0.7241030731793963
Sahebganj,9,100.0,0.0,0.8154807526708825
Sahibganj,2,100.0,0.0,0.7494401823492848
Saiha,2,0.0,100.0,1.0613169778929272
Saitual,2,50.0,50.0,1.0932461240648685
Sakti,2,100.0,0.0,0.653464860568352
Salem,80,100.0,0.0,0.78211716698815
Samastipur,32,100.0,0.0,0.8358284683247885
Samba,4,100.0,0.0,0.7652608447600264
Sambalpur,26,100.0,0.0,0.7453359584821523
Sambhal,14,100.0,0.0,0.861753292676678
Samstipur,6,100.0,0.0,0.7791604981744609
Sangli,70,100.0,0.0,1.1287057092115529
Sangrur,16,100.0,0.0,0.6661496186432547
Sant Kabir Nagar,16,100.0,0.0,0.7805115572453901
Sant Ravidas Nagar,6,100.0,0.0,0.6890695492391586
Sant Ravidas Nagar Bhadohi,1,100.0,0.0,0.8028419439345872
Saran,50,100.0,0.0,0.7967574326291422
Sarangarh-Bilaigarh,4,100.0,0.0,0.7376930491339952
Satara,80,100.0,0.0,0.9587882476573842
Satna,20,100.0,0.0,0.6283249596654555
Sawai Madhopur,23,100.0,0.0,0.7034801493617432
Sehore,19,100.0,0.0,0.669401543175519
Senapati,16,100.0,0.0,1.0669470589237464
Seoni,16,100.0,0.0,0.6857560299210735
Sepahijala,5,100.0,0.0,0.7174602966333448
Seraikela-Kharsawan,9,100.0,0.0,0.6468148086040872
Seraikela-kharsawan,5,100.0,0.0,0.583223064396814
Serchhip,3,0.0,100.0,1.2607634825241993
Shahdara,1,100.0,0.0,0.6015888493135318
Shahdol,10,100.0,0.0,0.7020571395913018
Shaheed Bhagat Singh Nagar,16,100.0,0.0,0.6940364749101191
Shahjahanpur,17,100.0,0.0,0.7292976759807991
Shajapur,18,94.44444444444444,5.555555555555555,0.6627165438031998
Shamli,5,100.0,0.0,0.7163169325070852
Sheikhpura,5,100.0,0.0,0.7453356783587771
Sheohar,5,100.0,0.0,0.7843498364027388
Sheopur,5,100.0,0.0,0.6365971533872274
Shi-yomi,1,100.0,0.0,1.462789585055532
Shimla,57,100.0,0.0,0.8545124442595534
Shimoga,28,100.0,0.0,0.7089015522294778
Shivamogga,26,100.0,0.0,0.7337101934660031
Shivpuri,22,100.0,0.0,0.6711847346957689
Shrawasti,12,100.0,0.0,0.7850028868640334
Shupiyan,1,100.0,0.0,0.5250354909562726
Siang,1,100.0,0.0,0.7653093134335889
Sibsagar,23,100.0,0.0,0.8229167330580383
Siddharthnagar,16,100.0,0.0,0.9007106097964839
Sidhi,9,77.77777777777779,22.22222222222222,0.7157392387139763
Sikar,56,100.0,0.0,0.659016675668763
Simdega,6,100.0,0.0,0.6353459659415669
Sindhudurg,53,100.0,0.0,1.1181226288661965
Singrauli,9,100.0,0.0,0.6548024362379686
Sirmaur,16,100.0,0.0,0.7274768792431637
Sirohi,19,100.0,0.0,0.6944505281969825
Sirsa,14,100.0,0.0,0.6120944010371476
Sitamarhi,20,100.0,0.0,0.6823253910368574
Sitapur,25,100.0,0.0,0.6948380209342682
Sivaganga,65,100.0,0.0,0.7971053211643696
Siwan,38,100.0,0.0,0.7357010232758681
Solan,29,96.55172413793103,3.4482758620689653,0.7948783326308579
Solapur,70,100.0,0.0,1.0328027296202873
Sonapur,5,100.0,0.0,0.6884768465407701
Sonbhadra,19,94.73684210526315,5.263157894736842,0.7905691635981443
Sonipat,21,100.0,0.0,0.5981495576218049
Sonitpur,32,100.0,0.0,0.7287789335640154
South,1,100.0,0.0,0.6524550091078161
South 24 Parganas,63,100.0,0.0,0.653959729788263
South Andaman,11,100.0,0.0,0.6145557179760371
South Delhi,16,81.25,18.75,0.7059974543149343
South Dinajpur,3,100.0,0.0,0.5491959535815633
South East Delhi,1,100.0,0.0,0.5916813177796385
South Garo Hills,4,100.0,0.0,0.6716448463951075
South Goa,38,100.0,0.0,0.7561126769563069
South Salmara Mankachar,2,100.0,0.0,0.8061878724392597
South Sikkim,4,100.0,0.0,0.64783666631962
South Tripura,16,100.0,0.0,0.7429702008419012
South Twenty Four Parganas,21,100.0,0.0,0.6270277136051328
South West Delhi,25,96.0,4.0,0.7244794151087016
South West Garo Hills,3,100.0,0.0,0.705263712343522
South West Khasi Hills,2,100.0,0.0,0.6518104131190607
Sri Muktsar Sahib,6,100.0,0.0,0.6158937978421283
Sri Potti Sriramulu Nellore,21,100.0,0.0,0.7223155173550485
Sri Sathya Sai,10,100.0,0.0,0.7225068542046699
Sribhumi,8,100.0,0.0,0.8716431655502574
Srikakulam,61,98.36065573770492,1.639344262295082,0.7508977431215006
Srinagar,24,100.0,0.0,0.8034739470022104
Subarnapur,3,100.0,0.0,0.750961831381279
Sukma,2,100.0,0.0,0.8977036792102635
Sultanpur,26,100.0,0.0,0.7816389179445651
Sundargarh,17,100.0,0.0,0.686278382236213
Sundergarh,41,100.0,0.0,0.6665144368985862
Supaul,18,100.0,0.0,0.9016399817118725
Surajpur,4,100.0,0.0,0.7622492867898137
Surat,79,100.0,0.0,0.7505662665537437
Surendra Nagar,28,100.0,0.0,0.740419717166999
Surendranagar,4,100.0,0.0,0.6912714060802606
Surguja,9,100.0,0.0,0.7681787190925204
Tamenglong,4,100.0,0.0,1.116813557495011
Tamulpur District,1,100.0,0.0,0.6254212161492134
Tapi,17,100.0,0.0,0.8331133563631118
Tarn Taran,23,100.0,0.0,0.6791453212112206
Tawang,3,100.0,0.0,0.8971882815192999
Tehri Garhwal,22,100.0,0.0,0.9149779616045489
Tenkasi,17,100.0,0.0,0.7741417705615053
Thane,75,100.0,0.0,0.8483554654212458
Thanjavur,92,100.0,0.0,0.7909568352041453
The Dangs,4,100.0,0.0,0.677321967963546
The Nilgiris,48,100.0,0.0,0.7951423715775646
Theni,33,100.0,0.0,0.7670936291962654
Thiruvallur,13,100.0,0.0,0.7596150227678111
Thiruvananthapuram,129,100.0,0.0,1.3658038861628599
Thiruvarur,61,98.36065573770492,1.639344262295082,0.9056095614007742
Thoothukkudi,95,98.94736842105263,1.0526315789473684,0.910635857525464
Thoubal,1,100.0,0.0,1.0635839941902263
Thrissur,168,100.0,0.0,1.3923166484469003
Tikamgarh,12,83.33333333333334,16.666666666666664,0.6119136813760085
Tinsukia,30,100.0,0.0,0.8261283795278801
Tirap,4,100.0,0.0,0.9016995216069239
Tiruchirappalli,82,100.0,0.0,0.7613763155031372
Tirunelveli,109,100.0,0.0,0.9066502241119967
Tirupathur,1,100.0,0.0,0.7199568853044116
Tirupati,16,100.0,0.0,0.7049203375082218
Tirupattur,21,100.0,0.0,0.736246282648233
Tiruppur,53,100.0,0.0,0.7540478726389479
Tiruvallur,57,100.0,0.0,0.785474794560982
Tiruvannamalai,64,100.0,0.0,0.7896243338783476
Tonk,16,100.0,0.0,0.71434346298149
Tuensang,2,100.0,0.0,0.6330630327081631
Tumakuru,33,100.0,0.0,0.6885647473336058
Tumkur,28,100.0,0.0,0.6722589012213119
Udaipur,36,100.0,0.0,0.8247648564245051
Udalguri,19,100.0,0.0,0.7042338687995796
Udham Singh Nagar,16,100.0,0.0,0.8175157960913234
Udhampur,14,100.0,0.0,0.7057995523400669
Udupi,70,100.0,0.0,0.7424840314765809
Ujjain,19,100.0,0.0,0.6130443402745607
Ukhrul,3,100.0,0.0,1.2040256544204209
Umaria,7,100.0,0.0,0.8611937417584786
Una,36,100.0,0.0,0.7694718341609588
Unakoti,4,100.0,0.0,0.6555438362519124
Unnao,30,100.0,0.0,0.7491772902718636
Upper Siang,3,100.0,0.0,0.8917264511963556
Upper Subansiri,1,100.0,0.0,0.5382216773654775
Uttar Bastar Kanker,4,100.0,0.0,0.8541572764600616
Uttar Dinajpur,16,100.0,0.0,0.6412530411855475
Uttara Kannada,76,100.0,0.0,0.7602209588461761
Uttarkashi,10,100.0,0.0,0.7950438341154091
Vadodara,64,98.4375,1.5625,0.7458616650296842
Vaishali,35,100.0,0.0,0.7698398746819678
Valsad,31,100.0,0.0,0.7421888602904472
Varanasi,41,100.0,0.0,0.8510363856174654
Vellore,76,100.0,0.0,0.8084774119691429
Vidisha,12,100.0,0.0,0.6799436936425797
Vijayanagara,8,100.0,0.0,0.6632720729216369
Vijayapura,17,100.0,0.0,0.6790892257833026
Villupuram,40,100.0,0.0,0.806709659833204
Viluppuram,30,100.0,0.0,0.7450268516145414
Virudhunagar,61,100.0,0.0,0.8625675711639824
Visakhapatnam,69,100.0,0.0,0.6915061690451775
Vizianagaram,47,97.87234042553192,2.127659574468085,0.6808058255820378
Warangal,73,100.0,0.0,0.9659436329206689
Wardha,22,100.0,0.0,1.1341628195367341
Washim,9,100.0,0.0,0.9306386263531851
Washim *,4,100.0,0.0,0.9695326977969008
Wayanad,19,100.0,0.0,1.3038119628891711
West,2,100.0,0.0,0.6738841716485111
West Champaran,14,100.0,0.0,0.8324465066978586
West Delhi,9,88.88888888888889,11.11111111111111,0.6776149831703342
West Garo Hills,6,66.66666666666666,33.33333333333333,0.8578190804588576
West Godavari,96,100.0,0.0,0.7265148179080999
West Jaintia Hills,3,100.0,0.0,0.6338588890476754
West Kameng,7,100.0,0.0,0.7007881703220119
West Khasi Hills,1,100.0,0.0,0.6236148312112576
West Midnapore,13,100.0,0.0,0.6181001371334032
West Nimar,10,100.0,0.0,0.5859407275254639
West Siang,4,100.0,0.0,0.7842732506292374
West Sikkim,1,100.0,0.0,0.6407563431506236
West Singhbhum,15,100.0,0.0,0.7704925974161789
West Tripura,29,100.0,0.0,0.7341753265338253
Wokha,2,100.0,0.0,0.5858349807250045
Y. S. R,23,100.0,0.0,0.784636519022531
Yadgir,11,100.0,0.0,0.6862130747326003
Yamuna Nagar,10,100.0,0.0,0.6040117295862916
Yamunanagar,2,100.0,0.0,0.5421411520107042
Yavatmal,34,100.0,0.0,1.0889720559476173
Zunheboto,5,80.0,20.0,0.7246335758933913
yadgir,6,100.0,0.0,0.6600626449612664
