district,pincodes,population,mean_txn_per_100k,under_served_pct,over_served_pct
ANUGUL,1,97425.66666666667,5854.720008758814,0.0,0.0
Adilabad,45,2262439.25,13283.972367296903,6.666666666666667,0.0
Agar Malwa,6,314142.4166666666,44977.63377053954,33.33333333333333,0.0
Agra,26,3011473.4166666665,33939.918392544016,11.538461538461538,0.0
Ahilyanagar,12,545088.9166666666,23390.616953914883,16.666666666666664,0.0
Ahmadabad,4,143026.9166666667,41062.4379931686,25.0,0.0
Ahmadnagar,59,1669258.75,33121.04618098501,5.084745762711865,0.0
Ahmed Nagar,6,247058.8333333333,33261.73270438095,16.666666666666664,0.0
Ahmedabad,23,820409.1666666666,15502.733464808798,13.043478260869565,0.0
Aizawl,8,93672.08333333334,132040.4589185756,12.5,0.0
Ajmer,48,1698598.3333333333,12550.854664821303,10.416666666666668,2.083333333333333
Akola,23,954635.1666666666,23040.316219598095,17.391304347826086,0.0
Alappuzha,70,2109192.75,1772.0498106070918,1.4285714285714286,0.0
Aligarh,32,2935794.5,17308.28812405,6.25,0.0
Alipurduar,6,158910.33333333334,18980.64013653191,33.33333333333333,0.0
Alirajpur,2,333073.0833333333,12606.449130862851,0.0,0.0
Allahabad,24,2061901.0,20615.501645476652,16.666666666666664,0.0
Alluri Sitharama Raju,14,782394.4166666667,10288.849458500103,21.428571428571427,0.0
Almora,33,1260822.25,6287.23611978585,15.151515151515152,0.0
Alwar,43,3343147.4166666665,17085.619940083725,11.627906976744185,0.0
Ambala,17,503386.5833333333,383954.6314254815,11.76470588235294,0.0
Ambedkar Nagar,30,1929299.5833333333,10389.311273351565,13.333333333333334,6.666666666666667
Amethi,32,2614863.4166666665,11305.85942623545,12.5,0.0
Amravati,36,1901018.9166666667,46025.63990994045,5.555555555555555,0.0
Amreli,30,1412657.8333333333,6687.802962179426,13.333333333333334,0.0
Amritsar,26,783442.3333333334,24222.40942299789,11.538461538461538,0.0
Amroha,9,1088542.5833333333,15012.555857382398,11.11111111111111,0.0
Anakapalli,14,717515.0833333334,12877.522123940957,14.285714285714285,0.0
Anand,55,1738385.8333333333,9362.90017483616,10.909090909090908,0.0
Anantapur,27,953874.5,16436.915747880328,7.4074074074074066,0.0
Ananthapur,27,967898.5833333334,27826.885549595012,7.4074074074074066,0.0
Ananthapuramu,25,1088836.75,17236.322957809178,12.0,0.0
Anantnag,11,207079.5,55688.202780860964,9.090909090909092,0.0
Angul,20,979073.3333333334,19194.80288855205,5.0,0.0
Anjaw,1,29591.833333333332,8140.759556409144,0.0,0.0
Annamayya,10,493562.4166666667,20140.78414328741,10.0,0.0
Anugul,4,218673.66666666666,10889.640806499143,25.0,0.0
Anuppur,11,605144.4166666666,28996.760595029107,18.181818181818183,0.0
Araria,13,3254605.8333333335,9227.807223241904,23.076923076923077,23.076923076923077
Ariyalur,25,741941.75,12717.91304819245,16.0,4.0
Arvalli,12,584590.5,9045.306940697703,16.666666666666664,0.0
Arwal,4,702545.5833333333,4891.442994808654,25.0,0.0
Ashok Nagar,3,249342.3333333333,2160.243571648205,33.33333333333333,0.0
Auraiya,15,1256652.25,8869.49689500726,20.0,6.666666666666667
Aurangabad,38,2964574.1666666665,252219.6570394156,2.631578947368421,0.0
Aurangabad(BH),2,344648.0,11083.747337674316,0.0,0.0
Aurangabad(bh),4,1094081.25,10691.54658043879,25.0,0.0
Ayodhya,18,822693.0833333334,11647.741100637348,16.666666666666664,16.666666666666664
Azamgarh,42,4670286.083333333,12463.819705823013,7.142857142857142,0.0
Badgam,3,113054.41666666667,33832.924670318294,0.0,33.33333333333333
Bagalkot,33,1338363.4166666667,19805.404838558014,3.0303030303030303,0.0
Bagalkot *,1,104474.08333333333,6929.948336469412,0.0,0.0
Bageshwar,12,345146.25,6660.315897084536,8.333333333333332,25.0
Baghpat,13,1034350.3333333334,8240.636440808008,15.384615384615385,23.076923076923077
Bagpat,1,114912.16666666667,8528.25273796073,0.0,0.0
Bahraich,15,2689995.166666667,33909.390950687404,6.666666666666667,0.0
Bajali,1,37772.916666666664,12720.754508852244,0.0,0.0
Baksa,13,768602.1666666667,5366.9825609542795,15.384615384615385,0.0
Balaghat,19,1859864.9166666667,11354.741995887709,15.789473684210526,10.526315789473683
Balangir,25,1991268.6666666667,14859.318473376008,24.0,0.0
Baleshwar,21,750226.25,40960.28340388445,4.761904761904762,0.0
Baleswar,31,1465614.8333333333,36644.24907668318,3.225806451612903,0.0
Ballari,16,641442.5833333333,262604.2330819789,6.25,0.0
Ballia,39,3525515.9166666665,6999.834797954627,17.94871794871795,12.82051282051282
Balod,10,874475.5833333333,316827.4613610225,10.0,0.0
Baloda Bazar,14,775853.8333333334,34275.19855830272,35.714285714285715,0.0
Balotra,4,301170.5833333333,11456.530944744034,25.0,0.0
Balrampur,15,2245413.5,22836.30895471948,13.333333333333334,0.0
Banas Kantha,3,500248.99999999994,9732.193353223827,0.0,33.33333333333333
Banaskantha,24,2547421.5,7896.389853204119,20.833333333333336,0.0
Banda,11,1579715.0,12653.939475518799,27.27272727272727,9.090909090909092
Bandipore,4,163783.08333333334,34486.38109771253,25.0,0.0
Bangalore,15,552231.5833333334,1660043.1821335615,13.333333333333334,0.0
Bangalore Rural,8,587394.9166666666,6591.742402362994,25.0,0.0
Banka,13,3460651.5,22353.498412370765,7.6923076923076925,0.0
Bankura,15,184170.6666666667,165890.53678013704,20.0,0.0
Banswara,17,1840878.0833333335,20064.371965874034,17.647058823529413,0.0
Bapatla,10,261554.91666666666,11537.54853309576,10.0,0.0
Bara Banki,26,2352518.3333333335,7152.23220070765,3.8461538461538463,15.384615384615385
Barabanki,9,1205508.6666666667,8991.582448971158,22.22222222222222,0.0
Baramula,11,214488.08333333334,42508.523603140224,18.181818181818183,0.0
Baran,13,1276899.1666666667,10945.874850285352,15.384615384615385,0.0
Barddhaman,23,600975.5,78337.31247524552,4.3478260869565215,0.0
Bardez,3,53221.083333333336,7279.419600674409,33.33333333333333,0.0
Bardhaman,10,322505.4166666666,130654.48263020864,10.0,0.0
Bareilly,27,4668443.833333333,74168.973465469,7.4074074074074066,0.0
Bargarh,22,1625268.4166666667,6632.404691372866,22.727272727272727,4.545454545454546
Barmer,23,2539232.8333333335,10239.513159084103,17.391304347826086,4.3478260869565215
Barnala,9,275772.3333333333,17722.805160921704,22.22222222222222,0.0
Barpeta,17,1631069.6666666667,14331.784326969751,5.88235294117647,0.0
Barwani,7,1352321.5,15252.431241314582,14.285714285714285,0.0
Bastar,7,800357.1666666666,19087.33972530085,28.57142857142857,0.0
Basti,21,2401362.9166666665,8502.822723063387,19.047619047619047,4.761904761904762
Bathinda,18,801376.5833333334,14415.565421883965,16.666666666666664,5.555555555555555
Baudh,3,177952.16666666666,6149.434877010744,0.0,33.33333333333333
Beawar,3,87413.58333333333,20599.943159584986,33.33333333333333,0.0
Beed,18,875275.8333333334,29642.27091293342,11.11111111111111,5.555555555555555
Begusarai,17,1111065.5,54314.94356991122,29.411764705882355,0.0
Belagavi,48,1858899.6666666667,10249.954419716036,6.25,0.0
Belgaum,51,2026927.5833333333,62703.0707593314,3.9215686274509802,0.0
Bellary,15,511770.9166666667,58346.092673757885,6.666666666666667,0.0
Bemetara,5,421724.25,28583.463747719237,0.0,40.0
Bengaluru,23,670186.25,1122484.9845496325,4.3478260869565215,0.0
Bengaluru Rural,1,53689.083333333336,394.86611958669437,0.0,0.0
Bengaluru South,8,429060.6666666667,9948.229898385896,25.0,12.5
Betul,19,1683343.0833333333,29068.784637342582,5.263157894736842,0.0
Bhabua,2,551224.4166666667,5844.613890910428,0.0,0.0
Bhadohi,6,341689.8333333333,19683.485008217656,16.666666666666664,16.666666666666664
Bhadrak,31,1768865.75,40765.06220584718,9.67741935483871,0.0
Bhagalpur,19,2935931.5,15543.327014614806,10.526315789473683,0.0
Bhandara,18,1185682.9166666665,11855.619039732028,16.666666666666664,11.11111111111111
Bharatpur,31,2185456.0833333335,10551.586001630005,22.58064516129032,0.0
Bharuch,27,1540797.25,47292.78622178174,14.814814814814813,0.0
Bhavnagar,34,1886031.9166666667,24999.481977403724,2.941176470588235,0.0
Bhilwara,32,2458860.4166666665,238745.52036062436,3.125,0.0
Bhind,19,1461983.8333333333,16172.787162856095,15.789473684210526,0.0
Bhiwani,19,881945.5833333334,19898.252140134522,5.263157894736842,0.0
Bhojpur,36,3504730.6666666665,6797.926354327752,13.88888888888889,5.555555555555555
Bhopal,15,537086.5833333334,61056.47779241291,13.333333333333334,0.0
Bid,9,444291.4166666666,49296.95722367685,11.11111111111111,0.0
Bidar,24,1514803.3333333333,18867.390437876373,4.166666666666666,0.0
Bijapur,28,1409070.0,10895.592206270105,17.857142857142858,0.0
Bijnor,25,2977160.9166666665,14558.156460021948,12.0,24.0
Bikaner,22,1360475.5,29915.11150043678,4.545454545454546,0.0
Bilaspur,21,1602031.6666666667,193231.14312719475,23.809523809523807,0.0
Birbhum,14,147945.5,99969.85974858761,21.428571428571427,0.0
Bishnupur,1,7286.333333333333,380081.43098952377,0.0,0.0
Biswanath,8,332389.5833333333,5244.380848890489,12.5,12.5
Bokaro,24,1346341.0,71332.5590146136,4.166666666666666,0.0
Bongaigaon,12,911884.4166666666,15193.578261436347,16.666666666666664,0.0
Botad,7,279130.9166666667,10571.649040765507,28.57142857142857,0.0
Boudh,7,334008.4166666667,7702.112783698487,14.285714285714285,14.285714285714285
Budaun,16,2518215.0833333335,6755.134238790965,12.5,31.25
Budgam,3,89441.91666666667,105211.71592864806,33.33333333333333,0.0
Bulandshahar,1,86891.83333333333,6004.016487932315,0.0,0.0
Bulandshahr,28,2782833.6666666665,2881.4901348098238,25.0,0.0
Buldana,15,667209.0833333334,105532.51507944785,6.666666666666667,0.0
Buldhana,15,440916.1666666667,28537.124245575957,6.666666666666667,13.333333333333334
Bundi,17,1177404.6666666667,27577.0407844162,5.88235294117647,0.0
Burhanpur,3,425940.75,9523.728502495092,33.33333333333333,0.0
Buxar,17,1932160.1666666667,73099.31492820012,5.88235294117647,0.0
Cachar,42,1987054.75,59876.000256762505,2.380952380952381,0.0
Chamarajanagar,6,347744.1666666667,5605.899088050567,16.666666666666664,33.33333333333333
Chamba,5,2100.25,4400363.430700591,20.0,0.0
Chamoli,27,692470.75,7299.087162044999,11.11111111111111,18.51851851851852
Champawat,9,353526.3333333333,15921.980650158835,11.11111111111111,0.0
Champhai,4,69683.16666666666,32962.92492023097,25.0,0.0
Chamrajanagar,9,509348.6666666667,7947.3548245993925,11.11111111111111,0.0
Chamrajnagar,5,374041.0,5909.228313222118,20.0,0.0
Chandauli,17,2240372.3333333335,63680.815528792424,5.88235294117647,0.0
Chandel,5,237968.58333333334,27415.06139486745,20.0,20.0
Chandigarh,4,47784.333333333336,110782.70414851105,25.0,0.0
Chandrapur,29,1488425.5833333333,54818.358064560205,10.344827586206897,0.0
Changlang,6,98612.75,24323.46004683661,16.666666666666664,0.0
Charaideo,9,459464.4166666667,6833.504280211913,22.22222222222222,11.11111111111111
Charkhi Dadri,8,336853.25,8730.466058386975,12.5,12.5
Chatra,9,1491034.5,11950.791194640336,22.22222222222222,0.0
Chengalpattu,15,458796.9166666667,80132.86569068725,6.666666666666667,0.0
Chennai,7,233963.4166666667,174512.23428579717,14.285714285714285,0.0
Chhatarpur,19,1532060.25,16427.192063660317,15.789473684210526,0.0
Chhatrapati Sambhajinagar,11,536306.0,32063.378232711133,9.090909090909092,0.0
Chhindwara,20,1808612.5,14230.396653545593,25.0,5.0
Chhotaudepur,10,818683.3333333334,9583.914960200997,20.0,10.0
Chickmagalur,18,454473.3333333333,6618.806233506498,11.11111111111111,11.11111111111111
Chikkaballapur,17,1402575.0,5861.856941482126,5.88235294117647,0.0
Chikkamagaluru,17,376041.9166666667,6096.1018121742845,23.52941176470588,0.0
Chikmagalur,7,235095.41666666666,8362.530253726783,28.57142857142857,0.0
Chirang,6,489045.3333333333,13300.171081386621,16.666666666666664,0.0
Chitradurga,36,1841500.0833333333,66680.76624348265,2.7777777777777777,0.0
Chitrakoot,7,987782.5,11057.910983800464,14.285714285714285,28.57142857142857
Chittaurgarh,6,397521.9166666667,45180.0139114182,16.666666666666664,0.0
Chittoor,76,3597941.25,25167.446993089758,3.9473684210526314,0.0
Chittorgarh,23,1002397.5,10136.934168775639,13.043478260869565,21.73913043478261
Chumukedima,1,34145.333333333336,14496.856573860752,0.0,0.0
Churachandpur,6,248001.08333333334,14819.547116440626,16.666666666666664,0.0
Churu,25,1838911.3333333333,13586.138009662563,12.0,0.0
Coimbatore,53,1247904.9166666667,29218.58235161355,13.20754716981132,0.0
Cooch Behar,6,138062.8333333333,45566.41511607712,16.666666666666664,0.0
Cuddalore,53,2147450.6666666665,14916.35632614561,5.660377358490567,0.0
Cuddapah,44,1331571.0,19665.628494781573,4.545454545454546,0.0
Cuttack,45,2372865.5,9827.32765531657,6.666666666666667,0.0
Dadra and Nagar Haveli,4,57743.83333333333,171541.75218848005,25.0,0.0
Dahod,9,1200277.6666666667,12107.46090203515,22.22222222222222,0.0
Dakshin Bastar Dantewada,4,331940.4166666666,23378.929445536647,25.0,25.0
Dakshin Dinajpur,7,18817.083333333336,1036487.7387469718,14.285714285714285,0.0
Dakshina Kannada,73,1694972.0833333333,8454.18507133382,9.58904109589041,0.0
Daman,1,4775.5,5674.798450424039,0.0,0.0
Damoh,13,1383615.75,15042.42210129815,23.076923076923077,0.0
Dantewada,2,117636.25,25292.35353200889,0.0,0.0
Darbhanga,43,5859665.0,12164.52904480188,4.651162790697675,0.0
Darjeeling,11,213249.33333333334,9890.277328106127,18.181818181818183,0.0
Darjiling,5,80319.0,26267.33370709197,20.0,0.0
Darrang,9,856324.3333333334,7042.657105526321,22.22222222222222,11.11111111111111
Datia,9,732436.8333333333,11016.012115078722,11.11111111111111,0.0
Dausa,25,1751690.75,27892.41476528694,4.0,0.0
Davanagere,18,988691.6666666666,10822.850859766011,5.555555555555555,0.0
Davangere,17,614264.5833333334,34721.77253439203,11.76470588235294,0.0
Debagarh,6,554465.5,10680.261097449646,16.666666666666664,0.0
Deeg ,1,108825.33333333333,31274.886974846544,0.0,0.0
Dehradun,21,1288121.5833333333,334833.69346251746,4.761904761904762,0.0
Deoghar,13,1606076.75,56553.16382307013,7.6923076923076925,0.0
Deoria,23,2849698.3333333335,920900.5839701646,4.3478260869565215,0.0
Devbhumi Dwarka,6,227279.0,26555.486052198597,16.666666666666664,0.0
Dewas,17,1579950.75,13988.499809182877,11.76470588235294,0.0
Dhalai,8,122497.5,53509.97456115253,12.5,0.0
Dhalai  *,1,17124.75,46996.30651542358,0.0,0.0
Dhamtari,10,1246698.5,15355.081698307336,20.0,20.0
Dhanbad,25,1174438.3333333333,43207.711763384796,32.0,0.0
Dhar,16,2092167.9166666667,74508.04673804958,6.25,0.0
Dharashiv,8,233332.08333333334,38740.572681492005,12.5,0.0
Dharmapuri,31,1810736.0833333333,13438.41726556337,6.451612903225806,0.0
Dharwad,27,1037519.0833333334,1396014.7476334933,7.4074074074074066,0.0
Dhaulpur,2,135084.1666666667,15186.075775046185,0.0,0.0
Dhemaji,10,830622.75,7844.725754572838,10.0,20.0
Dhenkanal,22,1524663.0833333333,16903.39664639498,4.545454545454546,0.0
Dholpur,10,811609.6666666666,20170.782783847793,10.0,0.0
Dhubri,12,1014969.6666666666,21023.266795321877,25.0,0.0
Dhule,26,1616868.4166666667,31485.541741662277,3.8461538461538463,0.0
Dibang Valley,2,49031.0,13555.800321829993,0.0,0.0
Dibrugarh,23,1353027.3333333333,13851.768856676468,4.3478260869565215,0.0
Didwana-Kuchaman,3,146588.75,19502.840115898987,33.33333333333333,0.0
Dimapur,5,141379.66666666666,28206.13613636364,0.0,20.0
Dindigul,53,1752467.6666666667,19663.713914629403,9.433962264150944,0.0
Dindori,7,660502.1666666666,17852.491979959206,14.285714285714285,0.0
Doda,8,225269.5,33378.39710295104,25.0,0.0
Dohad,5,398329.5,18830.988778202656,40.0,0.0
Dr. B. R. Ambedkar Konaseema,21,719710.25,18646.93955642871,14.285714285714285,0.0
Dumka,11,1548712.0833333333,49336.69691794353,9.090909090909092,0.0
Dungarpur,26,1855483.8333333333,12164.242081832672,3.8461538461538463,23.076923076923077
Durg,16,1164261.0,150843.40388985586,18.75,0.0
East,5,51756.166666666664,27456.856637484925,20.0,0.0
East Champaran,23,3511141.1666666665,40259.78379621614,8.695652173913043,0.0
East Delhi,4,751495.6666666666,472968.20455039124,25.0,0.0
East Garo Hills,1,53235.25,16346.311889208748,0.0,0.0
East Godavari,84,3381639.8333333335,14746.581444070209,2.380952380952381,0.0
East Jaintia Hills,2,67507.75,18866.844340447686,0.0,0.0
East Kameng,1,3823.5,21890.9376225971,0.0,0.0
East Khasi Hills,20,707646.0,10597.545974222672,20.0,15.0
East Midnapore,6,53600.166666666664,40887.97021919255,16.666666666666664,16.666666666666664
East Nimar,10,978508.1666666666,19918.307057725247,10.0,0.0
East Siang,2,27476.916666666668,5846.081147454433,0.0,0.0
East Sikkim,3,52215.25,350050.3082097384,33.33333333333333,0.0
East Singhbhum,5,352778.5833333333,38898.70152355292,20.0,0.0
Eastern West Khasi Hills,1,129200.08333333333,9580.489176671068,0.0,0.0
Eluru,14,534469.5,15818.338004757985,14.285714285714285,0.0
Ernakulam,77,3049575.0833333335,1523.7438649742983,18.181818181818183,2.5974025974025974
Erode,52,1361738.3333333333,64981.45122030941,7.6923076923076925,0.0
Etah,17,2172121.5833333335,15365.483395602614,11.76470588235294,0.0
Etawah,14,1455946.4166666667,137301.86935281375,7.142857142857142,0.0
Faizabad,17,817948.25,21408.155772760194,23.52941176470588,0.0
Faridabad,4,461705.0833333334,77592.19543749515,25.0,0.0
Faridkot,6,201981.4166666667,36058.98969159254,16.666666666666664,0.0
Farrukhabad,17,1650904.0,6513.466305518939,11.76470588235294,0.0
Fatehabad,9,610897.25,16020.997757712328,22.22222222222222,0.0
Fatehgarh Sahib,15,477529.5,319536.5354317654,6.666666666666667,0.0
Fatehpur,22,2471093.25,8414.041735404879,4.545454545454546,4.545454545454546
Fazilka,6,124592.0,17749.687018595298,0.0,16.666666666666664
Ferozepur,10,396332.8333333333,20861.518712182828,10.0,0.0
Firozabad,14,1913030.3333333333,7122.21981865736,14.285714285714285,0.0
Firozpur,7,259832.4166666667,28790.130865523737,28.57142857142857,0.0
Gadag,18,757130.0,7995.967053418229,5.555555555555555,0.0
Gadag *,3,170647.3333333333,13161.652989773744,33.33333333333333,0.0
Gadchiroli,14,1031453.6666666666,17286.070325875215,14.285714285714285,0.0
Gajapati,16,816475.3333333334,14428.911700128237,6.25,0.0
Ganderbal,1,5752.333333333333,77220.83792084373,0.0,0.0
Gandhinagar,29,951596.4166666666,54209.34876263929,10.344827586206897,0.0
Ganganagar,25,1770284.4166666667,10367.087603000833,16.0,0.0
Ganjam,54,3695421.3333333335,39386.14118795196,1.8518518518518516,0.0
Garhwa,9,1086977.75,13748.25107395162,11.11111111111111,11.11111111111111
Garhwa *,2,486708.9166666666,16838.416377637914,0.0,0.0
Garhwal,5,220469.75,11114.410022654041,20.0,20.0
Gariyaband,7,655327.0,26477.22567370165,14.285714285714285,0.0
Gautam Buddha Nagar,21,1419524.9166666665,163700.65374890066,9.523809523809524,0.0
Gaya,21,5207854.5,9372.671897294274,4.761904761904762,0.0
Ghaziabad,9,512768.9166666667,39936.31277916988,11.11111111111111,0.0
Ghazipur,42,3934724.1666666665,134123.4143189928,2.380952380952381,0.0
Gir Somnath,6,325844.0833333334,8531.057451632227,33.33333333333333,0.0
Giridih,20,2466871.4166666665,18320.606426079175,5.0,0.0
Goalpara,12,1148676.5833333333,7091.190771588833,25.0,8.333333333333332
Godda,5,1310683.5,8091.300790210609,0.0,40.0
Golaghat,19,1075946.9166666665,8748.341001711447,5.263157894736842,0.0
Gomati,3,88243.08333333334,27708.292757215284,33.33333333333333,0.0
Gonda,27,4108490.3333333335,31907.53002210227,3.7037037037037033,0.0
Gondia,2,95206.0,40668.522198501465,0.0,0.0
Gondiya,5,246722.08333333334,31664.666816453002,20.0,0.0
Gondiya *,5,219503.41666666666,29509.03073267344,20.0,0.0
Gopalganj,12,2687037.6666666665,5125.985489138108,8.333333333333332,8.333333333333332
Gorakhpur,35,4705420.083333333,25297.527427484838,5.714285714285714,0.0
Gulbarga,20,1305785.6666666667,19233.59368054502,5.0,0.0
Gumla,7,1642572.1666666667,22209.710824293237,28.57142857142857,0.0
Guna,17,1657247.3333333333,28374.03536906719,5.88235294117647,0.0
Guntur,78,2742607.3333333335,17378.82654428854,6.41025641025641,0.0
Gurdaspur,28,1311599.75,17336.747404043716,7.142857142857142,0.0
Gurgaon,15,581774.1666666666,51368.789447838506,6.666666666666667,0.0
Gwalior,8,588871.3333333334,29360.165028875268,25.0,0.0
Hailakandi,11,644838.9166666666,10440.984533555664,9.090909090909092,0.0
Hamirpur,55,1197041.5,59395.79209559849,3.6363636363636362,0.0
Hanumangarh,15,1477546.5833333335,16569.26359114407,6.666666666666667,0.0
Haora,17,1157458.1666666667,13028.76225355585,11.76470588235294,0.0
Hapur,5,459577.5,135195.22403108553,20.0,0.0
Harda,2,246783.75,20893.418874135874,0.0,0.0
Harda *,1,130352.0,199.4599238983675,0.0,0.0
Hardoi,24,3848013.4166666665,8737.508760529856,25.0,4.166666666666666
Hardwar,4,640081.0833333334,106978.22327518823,25.0,0.0
Haridwar,6,651815.5,34262.32060391709,16.666666666666664,0.0
Hasan,23,1169797.3333333333,4749.014145165481,17.391304347826086,0.0
Hassan,25,922563.1666666666,12451.84540260572,8.0,0.0
Hathras,11,1052028.9166666667,32047.220785523266,9.090909090909092,0.0
Haveri,26,1305920.0833333333,8148.782829460871,26.923076923076923,0.0
Haveri *,3,345803.75,10614.195734555788,33.33333333333333,0.0
Hazaribag,3,469989.0,9020.694307199288,0.0,33.33333333333333
Hazaribagh,11,1031481.6666666666,20042.76399705777,9.090909090909092,0.0
Hingoli,9,1288585.0,16889.320097328542,22.22222222222222,0.0
Hisar,14,706592.75,15114.523892466532,14.285714285714285,14.285714285714285
Hojai,2,165078.66666666666,5047.826260280768,0.0,0.0
Hooghly,26,748491.3333333334,125050.2543127533,11.538461538461538,0.0
Hoshangabad,10,454072.1666666667,24259.739781252632,30.0,0.0
Hoshiarpur,47,1035007.8333333334,20756.209691264405,6.382978723404255,0.0
Howrah,13,890582.75,7620.445970893518,7.6923076923076925,15.384615384615385
Hugli,7,183751.33333333334,56848.47596287298,14.285714285714285,0.0
Hyderabad,6,45821.08333333333,394465.4864309756,33.33333333333333,0.0
Idukki,51,1291985.5,1648.8507976566423,15.686274509803921,0.0
Imphal East,5,135283.41666666666,56985.538395177224,20.0,0.0
Imphal West,7,135845.16666666666,153321.14873818678,14.285714285714285,0.0
Indore,12,1110941.9166666667,11022.677422450977,8.333333333333332,16.666666666666664
JAJPUR,12,525194.0833333334,10858.091732185345,33.33333333333333,8.333333333333332
Jabalpur,19,1241086.6666666667,24722.376262845755,5.263157894736842,0.0
Jagatsinghapur,13,660517.6666666666,90391.05662968129,7.6923076923076925,0.0
Jagatsinghpur,11,679669.1666666666,8955.722815338171,9.090909090909092,0.0
Jaipur,62,3802743.25,83044.29932979909,6.451612903225806,0.0
Jaisalmer,13,958814.3333333334,9096.387545455502,23.076923076923077,7.6923076923076925
Jajapur,21,1120309.75,11826.215185271793,4.761904761904762,0.0
Jalandhar,53,892807.25,27244.694723643664,7.547169811320755,0.0
Jalaun,18,1459847.25,8575.774588959785,16.666666666666664,11.11111111111111
Jalgaon,56,2751266.3333333335,14402.638176675568,12.5,3.571428571428571
Jalna,17,1670216.9166666665,13869.392164003633,23.52941176470588,0.0
Jalor,18,1098870.4166666667,16010.77147341076,5.555555555555555,0.0
Jalore,4,332229.1666666667,11433.194881928132,25.0,0.0
Jalpaiguri,14,677663.9166666666,10877.495515220873,28.57142857142857,0.0
Jammu,23,527919.4166666666,60301.31336228184,17.391304347826086,0.0
Jamnagar,31,1202232.0833333333,9449.643882287759,16.129032258064516,0.0
Jamtara,5,670887.9166666666,10378.396875879118,20.0,20.0
Jamui,10,1851178.1666666667,13066.895576257848,10.0,0.0
Janjgir - Champa,2,103358.5,37368.30556651171,0.0,0.0
Janjgir Champa,5,230481.25,38317.04434560382,20.0,0.0
Janjgir-champa,7,442942.6666666667,29000.41515365111,14.285714285714285,28.57142857142857
Jashpur,13,1032535.6666666666,15323.079162033548,30.76923076923077,7.6923076923076925
Jaunpur,39,4938117.083333333,17260.277785597194,5.128205128205128,0.0
Jehanabad,10,1742237.0833333333,14077.415632233573,10.0,0.0
Jhabua,12,1954393.3333333333,12718.186614882301,16.666666666666664,8.333333333333332
Jhajjar,15,465560.4166666667,11291.236088402296,13.333333333333334,0.0
Jhalawar,18,1717544.9166666667,9844.352777162152,22.22222222222222,16.666666666666664
Jhansi,23,1651514.1666666667,103878.04034415947,4.3478260869565215,0.0
Jhargram,1,1582.75,449786.7635444637,0.0,0.0
Jharsuguda,15,517821.4166666667,32652.20857548266,6.666666666666667,0.0
Jhunjhunu,7,251481.91666666666,11953.403554727078,28.57142857142857,0.0
Jhunjhunun,40,1258461.9166666667,14574.949722945865,12.5,0.0
Jind,11,765533.3333333334,15123.655144300084,9.090909090909092,9.090909090909092
Jiribam,1,36691.5,35406.020467955794,0.0,0.0
Jodhpur,34,2542020.5833333335,12543.731960551253,2.941176470588235,0.0
Jorhat,29,1075683.4166666667,5202.83625387939,17.24137931034483,3.4482758620689653
Junagadh,36,1736018.4166666667,33260.86416286085,2.7777777777777777,0.0
Jyotiba Phule Nagar,2,300821.1666666667,21904.977415908797,0.0,0.0
K.V.Rangareddy,14,810721.1666666666,7795.532374853351,14.285714285714285,0.0
K.v. Rangareddy,7,295254.9166666666,14474.93981869785,14.285714285714285,0.0
Kachchh,52,1846026.0,9385.57788599117,9.615384615384617,1.9230769230769231
Kaimur (Bhabua),6,1523299.9166666667,6507.313470299654,33.33333333333333,0.0
Kaithal,11,642105.8333333334,16171.201313958414,18.181818181818183,9.090909090909092
Kakinada,11,552019.4166666666,13364.782916750724,36.36363636363637,0.0
Kalaburagi,19,1044096.6666666667,18053.704100159193,5.263157894736842,0.0
Kalahandi,25,1985691.4166666667,7290.848495464135,4.0,0.0
Kallakurichi,6,265379.75,10310.465226633873,0.0,16.666666666666664
Kamrup,25,1995422.3333333335,18786.311522937325,4.0,0.0
Kamrup Metro,10,301915.6666666666,29583.531584288274,30.0,0.0
Kancheepuram,58,2140441.0833333335,18542.969319398097,12.068965517241379,0.0
Kandhamal,23,946721.4166666666,42643.289838318036,4.3478260869565215,0.0
Kangra,17,16166.166666666666,1380782.9213870403,11.76470588235294,0.0
Kanker,6,509014.9166666666,15817.379525220027,16.666666666666664,33.33333333333333
Kannauj,17,1610087.5,16971.282760374368,5.88235294117647,0.0
Kanniyakumari,24,450270.9166666666,257541.53757146595,8.333333333333332,0.0
Kannur,56,2692243.5,1938.9900680380777,12.5,0.0
Kanpur Dehat,18,2417613.5833333335,7052.646989077915,11.11111111111111,5.555555555555555
Kanpur Nagar,15,1513559.9166666667,21404.20697621871,13.333333333333334,0.0
Kanyakumari,16,252234.25,42883.628267715074,6.25,0.0
Kapurthala,21,538289.75,19040.89530340946,4.761904761904762,0.0
Karaikal,4,9996.833333333332,160064.57577027404,25.0,0.0
Karauli,21,1561152.3333333333,9526.740861342852,9.523809523809524,0.0
Karbi Anglong,15,1332851.4166666667,11318.544093301072,13.333333333333334,6.666666666666667
Kargil,4,52965.5,19043.149995210355,25.0,0.0
Karim Nagar,17,508239.75,10418.157693532228,17.647058823529413,0.0
Karimganj,15,644389.25,18227.67844946876,20.0,0.0
Karimnagar,56,1837680.1666666667,9368.046359134138,7.142857142857142,0.0
Karnal,15,726180.5,43488.1277477909,6.666666666666667,0.0
Karur,35,859711.75,16133.811404076489,8.571428571428571,0.0
Kasaragod,17,994122.5,2264.17443868092,29.411764705882355,5.88235294117647
Kasargod,9,511397.25,1923.3552451297885,11.11111111111111,11.11111111111111
Kasganj,7,563892.8333333334,18764.35237652451,28.57142857142857,0.0
Kathua,13,296011.5,19123.059950434184,7.6923076923076925,0.0
Katihar,18,3629264.3333333335,19385.714149136125,5.555555555555555,0.0
Katni,12,1300761.3333333335,14364.128512197896,25.0,0.0
Kaushambi,11,1648891.3333333333,10251.474325195284,9.090909090909092,18.181818181818183
Kawardha,4,871695.8333333333,24741.125597584327,25.0,0.0
Kendrapara,29,1698736.5,6430.2190357954905,17.24137931034483,13.793103448275861
Kendujhar,42,1646038.4166666667,18555.117444919604,7.142857142857142,0.0
Khagaria,10,1819616.0,14868.214600924937,30.0,0.0
Khairagarh Chhuikhadan Gandai,1,60670.666666666664,35946.53099795618,0.0,0.0
Khairthal-Tijara,1,93603.66666666667,6820.245645647784,0.0,0.0
Khammam,44,1453814.9166666667,12592.123844473173,15.909090909090908,0.0
Khandwa,4,272845.1666666667,8893.189429394371,0.0,25.0
Khargone,8,1022883.8333333334,12484.478853902645,25.0,0.0
Kheda,41,2087644.8333333333,9496.051115149881,2.4390243902439024,0.0
Kheri,26,3919619.1666666665,9447.17995394672,19.230769230769234,3.8461538461538463
Khorda,27,1418762.3333333333,173315.21955095432,18.51851851851852,0.0
Khordha,11,461835.8333333334,123859.01403042661,9.090909090909092,0.0
Khowai,3,116059.08333333333,31233.60771607573,33.33333333333333,0.0
Kinnaur,13,74077.83333333334,22459.13470433637,7.6923076923076925,0.0
Kishanganj,6,1500622.8333333333,16856.847795719546,16.666666666666664,0.0
Kishtwar,2,139134.25,18660.823109294364,0.0,0.0
Koch Bihar,3,77974.0,14664.362712181019,0.0,33.33333333333333
Kodagu,26,629893.8333333334,6331.9131541136585,11.538461538461538,0.0
Kodarma,2,104934.41666666667,5738.901862110662,0.0,0.0
Koderma,6,275511.75,27643.546192442238,16.666666666666664,0.0
Kohima,4,46767.666666666664,12391.592569829198,25.0,0.0
Kokrajhar,14,1661725.0,8867.901282536679,14.285714285714285,0.0
Kolar,21,1560811.25,7071.45421666834,9.523809523809524,4.761904761904762
Kolasib,5,24905.5,87814.91705076095,40.0,0.0
Kolhapur,67,2780328.5,11953.392831829082,10.44776119402985,0.0
Kollam,66,2891158.0,5309.120140030836,1.5151515151515151,0.0
Kondagaon,6,385636.25,28198.735786932917,33.33333333333333,0.0
Koppal,21,1271000.0,11276.083011287603,23.809523809523807,0.0
Koraput,27,1629520.5833333335,20248.62252321767,14.814814814814813,0.0
Korba,9,591837.4166666666,23656.840317639228,22.22222222222222,22.22222222222222
Koriya,7,282491.25,35256.21858455647,28.57142857142857,14.285714285714285
Kota,23,1153648.25,185559.70657634395,13.043478260869565,0.0
Kottayam,69,2274945.25,1101.1139444123535,23.18840579710145,4.3478260869565215
Kozhikode,55,3249804.9166666665,2226.1513336161006,16.363636363636363,0.0
Krishna,87,2980873.75,15181.981291699234,4.597701149425287,0.0
Krishnagiri,28,1527478.1666666667,10051.292345245907,14.285714285714285,7.142857142857142
Kulgam,2,152991.08333333334,21658.6467302157,0.0,0.0
Kullu,20,218052.75,32089.032952452464,15.0,0.0
Kupwara,6,401712.8333333333,26441.198040108848,16.666666666666664,33.33333333333333
Kurnool,63,3056506.9166666665,20743.74134713123,7.936507936507936,0.0
Kurukshetra,12,472607.0,107646.19287881743,8.333333333333332,0.0
Kurung Kumey,1,111065.58333333333,7002.1691388046265,0.0,0.0
Kushinagar,17,3591043.6666666665,8805.063783664786,17.647058823529413,0.0
Kushinagar *,1,338868.6666666667,18222.693944359955,0.0,0.0
Lahaul and Spiti,1,1008.8333333333334,32810.176771848666,0.0,0.0
Lahul & Spiti,3,7950.0,21805.92368056842,33.33333333333333,0.0
Lahul and Spiti,4,13534.0,26424.530302200645,25.0,0.0
Lakhimpur,13,1000458.25,7517.052361522103,15.384615384615385,0.0
Lakhisarai,7,1210581.5833333333,8075.892491250682,14.285714285714285,0.0
Lakshadweep,9,93280.75,9988.06594201064,22.22222222222222,22.22222222222222
Lalitpur,9,929508.5833333333,12488.78789029775,11.11111111111111,0.0
Latehar,7,875966.5833333334,12067.760477801636,28.57142857142857,0.0
Latur,22,2057185.5833333333,12831.985270870948,18.181818181818183,9.090909090909092
Lawngtlai,1,27164.166666666668,45302.32843513207,0.0,0.0
Leh,6,85142.5,19138.03916155857,16.666666666666664,0.0
Lohardaga,2,437051.1666666666,11592.316983865006,0.0,0.0
Lohit,3,47189.91666666667,18853.4071923833,0.0,33.33333333333333
Longding,1,52226.583333333336,9749.824083839807,0.0,0.0
Longleng,2,52642.5,11802.505748750664,0.0,0.0
Lower Subansiri,2,95004.25,6452.104874408173,0.0,0.0
Lucknow,23,1568753.5833333333,319987.0737977538,13.043478260869565,0.0
Ludhiana,59,1337861.75,83258.5343980313,3.389830508474576,0.0
Lunglei,5,64708.416666666664,53789.44377624305,20.0,0.0
MALDA,1,208329.0,6063.0061105271,0.0,0.0
Madhepura,12,1783999.0833333333,9801.045112538119,8.333333333333332,8.333333333333332
Madhubani,34,5149275.666666667,48060.179289520194,2.941176470588235,0.0
Madurai,44,1423855.6666666667,16237.364955213434,4.545454545454546,0.0
Mahabub Nagar,24,1023781.8333333334,8191.929575758039,12.5,4.166666666666666
Mahabubnagar,4,335863.0,6571.131703125687,25.0,0.0
Maharajganj,11,2013048.1666666667,9097.399919943033,0.0,27.27272727272727
Mahasamund,5,897961.0,15811.068374419856,20.0,20.0
Mahbubnagar,39,1865959.1666666667,15734.907568971705,2.564102564102564,0.0
Mahendragarh,7,488974.3333333333,14379.973006537892,28.57142857142857,14.285714285714285
Mahesana,31,1433189.5833333333,11447.979576789607,3.225806451612903,0.0
Mahisagar,6,734574.3333333333,9557.835040824015,16.666666666666664,16.666666666666664
Mahoba,7,663401.0,12342.10906354195,14.285714285714285,14.285714285714285
Mahrajganj,1,27995.166666666668,36977.811646057955,0.0,0.0
Maihar,4,222864.5,24539.174093426554,25.0,0.0
Mainpuri,14,1884636.4166666667,5970.98661926922,21.428571428571427,28.57142857142857
Majuli,1,1352.3333333333333,16194.232191274341,0.0,0.0
Malappuram,73,4890420.166666667,2952.2565768999743,13.698630136986301,13.698630136986301
Malda,5,105003.33333333333,39311.478652326114,40.0,0.0
Maldah,7,231677.33333333334,33812.46460261833,14.285714285714285,0.0
Malerkotla,2,41064.916666666664,9965.143923449055,0.0,0.0
Malkangiri,5,675752.5,5797.3860154207905,20.0,0.0
Mamit,1,15681.25,45353.52730171383,0.0,0.0
Mammit,2,8937.833333333334,35094.940293972744,0.0,0.0
Mandi,3,24023.833333333336,90334.89466181304,0.0,33.33333333333333
Mandla,16,1364488.4166666667,11413.68336464937,12.5,12.5
Mandsaur,17,1417720.6666666667,18435.91899610319,5.88235294117647,0.0
Mandya,39,2004961.25,5407.197206146165,15.384615384615385,5.128205128205128
Manendragarh–Chirmiri–Bharatpur,1,45880.916666666664,54286.186522719145,0.0,0.0
Mansa,8,401007.5833333334,19622.713324265358,12.5,0.0
Marigaon,11,1290073.5833333333,9114.633603246826,18.181818181818183,0.0
Mathura,27,2292858.75,27876.963388046104,11.11111111111111,0.0
Mau,20,2041509.3333333333,37250.47110357387,5.0,0.0
Mauganj,4,282071.6666666667,21625.563892325245,25.0,0.0
Mayiladuthurai,17,278684.25,11520.552902200092,23.52941176470588,0.0
Mayurbhanj,64,3136772.6666666665,20080.233906990128,3.125,0.0
Medak,72,2770959.5833333335,18608.915345224395,1.3888888888888888,0.0
Meerut,23,2052081.0833333333,23675.16296037776,4.3478260869565215,0.0
Meluri,1,25075.333333333332,10037.752904580862,0.0,0.0
Mewat,3,470481.0,17881.1145882733,0.0,33.33333333333333
Mirzapur,16,2878164.9166666665,9266.405916840296,12.5,0.0
Moga,18,581968.5,10364.68436909005,22.22222222222222,0.0
Mohali,1,7920.75,246883.18656692863,0.0,0.0
Mohla-Manpur-Ambagarh Chouki,2,202491.6666666667,21787.91097388823,0.0,0.0
Mokokchung,5,138068.0,9517.05565445799,40.0,0.0
Mon,4,221619.5,15361.797204958824,25.0,0.0
Moradabad,14,2711537.0,9563.46299706648,14.285714285714285,0.0
Morbi,7,411861.75,21860.287213736552,28.57142857142857,0.0
Morena,11,1829607.1666666667,20980.34581963863,9.090909090909092,0.0
Muktsar,8,393445.5,13090.87665460557,37.5,0.0
Mumbai,3,49181.333333333336,973163.8805116387,33.33333333333333,0.0
Mumbai( Sub Urban ),1,3973.4166666666665,790327.3840733205,0.0,0.0
Mungeli,7,650691.4166666666,23778.401371242653,28.57142857142857,14.285714285714285
Munger,8,1527587.25,6054.31754583734,12.5,12.5
Murshidabad,23,1076103.9166666667,118625.80407733668,4.3478260869565215,0.0
Muzaffarnagar,24,3006343.4166666665,13284.743402424863,16.666666666666664,0.0
Muzaffarpur,35,4856680.083333333,10280.840953113353,5.714285714285714,0.0
Mysore,21,810765.3333333333,14516.13680143357,4.761904761904762,0.0
Mysuru,19,969532.5833333334,7186.224899002048,10.526315789473683,0.0
N. T. R,9,490654.1666666666,17053.779666473387,11.11111111111111,0.0
NAYAGARH,1,47786.25,4783.80287216511,0.0,0.0
Nabarangapur,12,988492.9166666667,21389.06920363348,8.333333333333332,0.0
Nadia,33,920404.9166666666,58837.79385280517,3.0303030303030303,0.0
Nagaon,24,2078023.5833333335,19164.288462770033,12.5,0.0
Nagapattinam,66,1207159.25,15520.062882296099,4.545454545454546,0.0
Nagaur,44,2755388.5833333335,14429.533625577815,9.090909090909092,0.0
Nagpur,42,1602453.0,1228234.8566316818,2.380952380952381,0.0
Nainital,19,1216307.9166666667,9843.86158798879,21.052631578947366,0.0
Nalanda,24,3148742.3333333335,12579.847311161502,4.166666666666666,0.0
Nalbari,24,870908.4166666666,7153.926691590638,8.333333333333332,0.0
Nalgonda,51,2629022.0,9562.082931544166,17.647058823529413,0.0
Namakkal,57,1571689.9166666667,18167.29209038164,12.280701754385964,0.0
Namsai,1,23321.25,16255.560915474085,0.0,0.0
Nanded,41,2843208.9166666665,15525.926602752246,14.634146341463413,14.634146341463413
Nandurbar,13,768312.75,13823.051209537576,23.076923076923077,0.0
Nandurbar *,5,559130.5,15969.675484493107,20.0,20.0
Nandyal,14,743683.5833333333,13519.567012509371,14.285714285714285,7.142857142857142
Narayanpur,1,123549.16666666667,29508.89996560074,0.0,0.0
Narmada,7,543583.5833333334,75108.77912307037,14.285714285714285,0.0
Narmadapuram,7,372898.6666666666,29946.663668623594,28.57142857142857,14.285714285714285
Narsimhapur,8,411197.0833333333,19632.561606240495,12.5,0.0
Narsinghpur,7,693054.25,11457.067567195716,14.285714285714285,0.0
Nashik,64,3927347.8333333335,29740.767642353705,4.6875,0.0
Navsari,36,1330395.0833333333,6135.080508879757,5.555555555555555,0.0
Nawada,19,2277949.5833333335,7249.926668718372,5.263157894736842,31.57894736842105
Nawanshahr,12,396377.75,12152.02208596297,8.333333333333332,0.0
Nayagarh,21,1204752.25,18567.991815840393,28.57142857142857,0.0
Neemuch,12,554699.0,12064.880020417995,33.33333333333333,8.333333333333332
Nellore,50,1674080.4166666667,15357.857152965671,8.0,0.0
Nicobar,4,43778.333333333336,7230.161736701157,25.0,25.0
Niwari,4,207068.5833333333,14105.586879069411,25.0,25.0
Nizamabad,47,2247202.1666666665,4730.954874325628,17.02127659574468,0.0
North 24 Parganas,29,913402.4166666666,24561.65230063421,13.793103448275861,0.0
North And Middle Andaman,7,119440.25,8833.55166384399,14.285714285714285,14.285714285714285
North Cachar Hills,7,187279.9166666667,13990.08729893523,14.285714285714285,0.0
North Delhi,1,88767.66666666667,66181.75536888432,0.0,0.0
North Dinajpur,2,9765.416666666668,545246.7482645187,0.0,0.0
North East Delhi,1,584943.0,65.98933571305238,0.0,0.0
North Garo Hills,4,232421.75,11816.122347260865,25.0,25.0
North Goa,37,745635.8333333334,7550.707681870877,8.108108108108109,5.405405405405405
North Sikkim,2,28552.916666666664,9786.531553459914,0.0,0.0
North Tripura,14,267278.1666666667,55144.55011669188,14.285714285714285,0.0
North Twenty Four Parganas,7,174563.75,26588.57612307515,28.57142857142857,0.0
North West Delhi,10,2705901.583333333,2138672.5226538954,10.0,0.0
Nuapada,7,808120.75,8535.24953525742,14.285714285714285,0.0
Osmanabad,14,547647.4166666666,32499.26663233762,21.428571428571427,0.0
Pakaur,2,565651.0833333334,9756.240907175696,0.0,0.0
Pakur,2,362986.9166666667,8835.802796651931,0.0,0.0
Palakkad,88,3096043.1666666665,1359.4089442768866,6.8181818181818175,0.0
Palamau,2,422755.1666666667,9065.2664010458,0.0,0.0
Palamu,9,1217784.1666666667,11242.224930420722,22.22222222222222,11.11111111111111
Palghar,14,447560.6666666667,56441.651037243624,7.142857142857142,0.0
Pali,43,1943623.5833333335,11350.533256503148,13.953488372093023,0.0
Palnadu,14,686597.1666666666,11332.202842560786,14.285714285714285,7.142857142857142
Palwal,4,292180.5833333333,22381.642854958172,25.0,25.0
Panch Mahals,2,181061.25,10222.319363172093,0.0,0.0
Panchkula,8,199169.25,77766.48720343612,12.5,0.0
Panchmahals,11,1224811.4166666667,8828.72441476006,18.181818181818183,0.0
Pandhurna,3,123131.91666666667,15015.210317685562,33.33333333333333,0.0
Panipat,12,418633.75,16388.853397451323,16.666666666666664,0.0
Panna,11,1067955.3333333333,12842.767115621316,9.090909090909092,27.27272727272727
Papum Pare,6,74738.75,46555.08499187837,33.33333333333333,0.0
Parbhani,14,1292808.5,439363.32328355656,7.142857142857142,0.0
Parvathipuram Manyam,11,436195.6666666667,16233.29993883159,18.181818181818183,0.0
Paschim Bardhaman,4,206180.25,4330.386612471662,25.0,0.0
Paschim Medinipur,15,115782.66666666666,2112600.412137303,6.666666666666667,0.0
Pashchim Champaran,6,1925450.0,24650.82774833094,16.666666666666664,0.0
Pashchimi Singhbhum,1,111283.75,40184.663079739854,0.0,0.0
Patan,18,1087788.4166666667,8167.990829114946,22.22222222222222,11.11111111111111
Pathanamthitta,55,1224310.5,3371.6958505958246,1.8181818181818181,0.0
Pathankot,8,260444.08333333334,11411.500656054042,12.5,12.5
Patiala,14,834753.5833333333,11165.214654812411,14.285714285714285,14.285714285714285
Patna,43,4441223.583333333,1474256.1069869315,2.3255813953488373,0.0
Pauri Garhwal,40,806642.0833333334,9055.0236852337,5.0,0.0
Perambalur,23,554667.25,28345.450324374768,4.3478260869565215,0.0
Peren,2,76561.25,12815.149092575142,0.0,0.0
Phalodi,1,71128.41666666667,7896.984444801128,0.0,0.0
Phek,2,78055.25,10971.737155097195,0.0,0.0
Pherzawl,1,133970.0,8092.110173919535,0.0,0.0
Pilibhit,5,663123.25,42284.03435459711,20.0,0.0
Pithoragarh,25,717941.1666666666,8664.035777336278,4.0,0.0
Pondicherry,13,375361.3333333333,36168.31779721723,23.076923076923077,0.0
Porbandar,6,231733.08333333334,16940.147272751925,16.666666666666664,0.0
Prakasam,90,3748200.9166666665,9132.333610486845,15.555555555555555,6.666666666666667
Pratapgarh,49,4126429.5,8962.126961848653,10.204081632653061,0.0
Prayagraj,13,1415165.5,32044.976624994924,7.6923076923076925,0.0
Puducherry,1,72552.25,6141.780578824227,0.0,0.0
Pudukkottai,50,1786598.4166666667,12266.170920507933,10.0,0.0
Pulwama,7,208099.75,31856.442690390202,14.285714285714285,14.285714285714285
Punch,5,200786.66666666666,29510.623428704752,20.0,0.0
Pune,92,3826632.75,58166.70095674984,5.434782608695652,0.0
Purba Bardhaman,3,97261.33333333334,14110.621433436345,33.33333333333333,0.0
Purba Champaran,5,548116.0833333334,29733.12508155132,20.0,0.0
Purba Medinipur,13,161117.83333333334,82741.19694408585,15.384615384615385,0.0
Purbi Singhbhum,4,508720.0833333333,12672.601626535083,0.0,25.0
Puri,24,1632386.8333333333,6650.018192183682,8.333333333333332,0.0
Purnea,3,574540.4166666666,8442.809557665112,0.0,33.33333333333333
Purnia,12,4174859.0,10365.586097888547,8.333333333333332,0.0
Purulia,6,68356.5,481537.935330234,33.33333333333333,0.0
Puruliya,11,168073.75,59100.22511209175,18.181818181818183,0.0
Rae Bareli,31,2118866.4166666665,7531.9621016257615,9.67741935483871,3.225806451612903
Raebareli,1,79156.08333333333,7890.739077750394,0.0,0.0
Raichur,29,1845049.9166666667,8991.646678736764,13.793103448275861,3.4482758620689653
Raigad,14,348199.5,14082.492473136694,14.285714285714285,7.142857142857142
Raigarh,51,2043679.3333333335,19389.975172582643,15.686274509803921,3.9215686274509802
Raigarh(MH),3,192301.5833333333,44157.77170213528,33.33333333333333,0.0
Raipur,19,1656260.3333333333,124113.78311512251,15.789473684210526,0.0
Raisen,18,1263888.0833333333,14864.143066083481,33.33333333333333,11.11111111111111
Rajgarh,14,1532768.3333333333,22718.36790818258,7.142857142857142,0.0
Rajkot,38,1665714.5,33341.480559607364,7.894736842105263,0.0
Rajnandgaon,7,949773.5,23049.804770602255,28.57142857142857,0.0
Rajouri,11,219483.1666666667,33814.579124453274,18.181818181818183,18.181818181818183
Rajsamand,24,1658453.9166666667,10328.606773188449,4.166666666666666,0.0
Ramanagar,7,290995.4166666666,9947.678200469936,28.57142857142857,0.0
Ramanathapuram,49,1141166.3333333333,12006.764598665195,8.16326530612245,0.0
Ramban,2,39536.25,33250.390091111134,0.0,0.0
Ramgarh,15,475304.75,25190.89834224817,6.666666666666667,0.0
Rampur,5,1677684.8333333333,13306.191895171283,40.0,0.0
Ranchi,6,2386243.4166666665,54183.708888199755,16.666666666666664,0.0
Rangareddi,18,657023.6666666666,1056626.0009866755,5.555555555555555,0.0
Ranipet,8,251232.33333333334,8424.00984860857,12.5,0.0
Ratlam,12,874521.1666666666,14580.714958801931,25.0,8.333333333333332
Ratnagiri,71,1500925.75,11309.514174582298,7.042253521126761,0.0
Rayagada,17,1195565.25,7678.644162082402,17.647058823529413,0.0
Reasi,7,171570.5,20427.191101716653,28.57142857142857,0.0
Rewa,25,2060215.0833333333,17651.483126709067,4.0,0.0
Rewari,14,610198.4166666666,22360.00420308641,14.285714285714285,0.0
Ri Bhoi,8,182290.16666666666,18124.955487150008,12.5,0.0
Rohtak,14,457349.4166666666,13516.819622388502,21.428571428571427,21.428571428571427
Rohtas,27,3865804.5833333335,12496.711088955095,3.7037037037037033,0.0
Rudraprayag,12,437065.5,8496.742699948007,16.666666666666664,16.666666666666664
Rupnagar,19,453474.4166666667,26978.536115197614,15.789473684210526,0.0
S.A.S Nagar(Mohali),6,156761.25,39039.43999192774,16.666666666666664,0.0
SAS Nagar (Mohali),4,121011.16666666666,9793.934888123405,0.0,25.0
Sabar Kantha,4,165869.6666666667,10460.96348171651,25.0,0.0
Sabarkantha,28,1485879.5,7825.8630881289855,14.285714285714285,0.0
Sagar,25,1978166.5833333333,254302.43471463947,4.0,0.0
Saharanpur,22,2725745.5833333335,17420.112317623276,13.636363636363635,0.0
Saharsa,13,2366950.083333333,9056.558274532059,23.076923076923077,7.6923076923076925
Sahebganj,4,520961.4166666667,16475.622428385635,25.0,0.0
Sahibganj,2,186326.33333333334,16329.476583786269,0.0,0.0
Saiha,1,25463.833333333332,30305.727731488456,0.0,0.0
Saitual,2,35371.58333333333,11661.926838846524,0.0,0.0
Sakti,2,126903.66666666666,27496.0245685145,0.0,0.0
Salem,62,1999234.8333333333,15074.660323968608,11.29032258064516,0.0
Samastipur,27,3572676.5,8009.7627877996265,7.4074074074074066,7.4074074074074066
Samba,2,41818.25,17183.050959122178,0.0,0.0
Sambalpur,18,933151.25,9695.53208164678,22.22222222222222,0.0
Sambhal,10,1437171.5,5332.0896668541245,30.0,0.0
Samstipur,6,1071375.5,12174.628416950369,16.666666666666664,0.0
Sangli,61,2245325.4166666665,10536.378840817253,16.39344262295082,4.918032786885246
Sangrur,16,599680.9166666666,79674.84856213663,6.25,0.0
Sant Kabir Nagar,16,2256265.9166666665,8423.278249497283,12.5,18.75
Sant Ravidas Nagar,6,458307.1666666667,14044.033922026612,16.666666666666664,0.0
Sant Ravidas Nagar Bhadohi,1,115448.08333333333,15806.239023745886,0.0,0.0
Saran,46,4225769.0,9180.988684263697,2.1739130434782608,0.0
Sarangarh-Bilaigarh,4,283792.5833333334,32576.709310526454,25.0,25.0
Satara,78,2985678.0,9397.598290504717,6.41025641025641,1.282051282051282
Satna,19,1435630.5833333333,17882.152853013944,10.526315789473683,0.0
Sawai Madhopur,22,1379646.3333333333,9202.49354941597,9.090909090909092,0.0
Sehore,16,1219721.5,16882.968663421892,18.75,18.75
Senapati,14,777580.1666666666,30323.039313078923,28.57142857142857,0.0
Seoni,16,1505771.8333333333,13885.967595219245,12.5,0.0
Sepahijala,4,185520.16666666666,30737.159853439858,25.0,0.0
Seraikela-Kharsawan,6,660370.3333333333,27270.245597441233,16.666666666666664,0.0
Seraikela-kharsawan,4,343176.5,15483.54732583951,25.0,0.0
Serchhip,3,23213.75,48496.71370327124,0.0,33.33333333333333
Shahdara,1,393325.8333333333,16491.161907748243,0.0,0.0
Shahdol,8,1030911.4166666666,17326.249420960015,12.5,0.0
Shaheed Bhagat Singh Nagar,16,324907.75,8995.150731849353,25.0,6.25
Shahjahanpur,16,2738794.1666666665,10172.917916711007,6.25,0.0
Shajapur,15,984833.3333333334,13256.083842766022,26.666666666666668,6.666666666666667
Shamli,5,334307.0,20117.049281198386,40.0,0.0
Sheikhpura,5,846682.8333333333,12607.368797904017,20.0,0.0
Sheohar,5,966047.1666666666,13371.687146574899,20.0,0.0
Sheopur,5,768056.1666666667,13341.237108933561,0.0,20.0
Shi-yomi,1,14019.0,7575.433340466509,0.0,0.0
Shimla,47,454633.3333333334,71525.25085892223,10.638297872340425,0.0
Shimoga,26,747178.6666666666,13604.499073339808,7.6923076923076925,0.0
Shivamogga,22,589960.3333333334,8847.409878635824,9.090909090909092,0.0
Shivpuri,19,2054231.5833333333,18387.274395337237,10.526315789473683,0.0
Shrawasti,11,2170520.75,6585.00288682733,27.27272727272727,9.090909090909092
Shupiyan,1,89003.5,35814.32190868898,0.0,0.0
Siang,1,29500.833333333332,26728.058529420076,0.0,0.0
Sibsagar,23,812445.75,11011.788987845383,8.695652173913043,0.0
Siddharthnagar,15,2497151.5833333335,8627.45014808153,6.666666666666667,33.33333333333333
Sidhi,9,1259373.5833333333,17086.954053110738,22.22222222222222,0.0
Sikar,56,2515230.0833333335,10799.932854225071,1.7857142857142856,0.0
Simdega,5,487701.6666666666,18421.408359647252,20.0,0.0
Sindhudurg,53,815319.5,14134.32416050364,1.8867924528301887,0.0
Singrauli,4,1114494.25,23153.172132419415,25.0,0.0
Sirmaur,2,4258.583333333334,100571.19223337554,0.0,0.0
Sirohi,18,1117032.8333333333,13612.90221247579,22.22222222222222,0.0
Sirsa,14,582588.6666666666,24751.070035263343,14.285714285714285,0.0
Sitamarhi,19,3566188.166666667,10726.870386036551,10.526315789473683,5.263157894736842
Sitapur,25,4336377.166666667,10472.483420026705,16.0,0.0
Sivaganga,57,1182597.5833333333,27629.87495175451,3.508771929824561,0.0
Siwan,31,4421016.75,9264.052290532303,9.67741935483871,0.0
Solan,27,274355.75,24991.40559733526,22.22222222222222,0.0
Solapur,64,3348839.0,15909.587989188429,9.375,0.0
Sonapur,5,293559.5833333333,14927.006075544592,20.0,0.0
Sonbhadra,18,1651105.75,13599.671867018353,5.555555555555555,0.0
Sonitpur,31,1489599.9166666667,7994.241239155384,6.451612903225806,0.0
South,1,11896.5,11625.267935947548,0.0,0.0
South 24 Parganas,16,763804.0,48890.38907860706,6.25,0.0
South Andaman,7,149606.91666666666,3777656.0706606978,14.285714285714285,0.0
South Delhi,7,1211576.5833333335,15747.225063142032,14.285714285714285,14.285714285714285
South Dinajpur,2,3531.5,237445.61561256595,0.0,0.0
South East Delhi,1,10996.0,377482.7209894507,0.0,0.0
South Garo Hills,3,140347.0,9743.306020118462,0.0,33.33333333333333
South Goa,30,475169.0,8861.685789802614,13.333333333333334,3.3333333333333335
South Salmara Mankachar,2,283032.0833333333,14193.1758054897,0.0,0.0
South Sikkim,3,91005.0,56660.46398196562,33.33333333333333,0.0
South Tripura,13,367494.4166666667,27932.952117625176,30.76923076923077,0.0
South Twenty Four Parganas,7,626106.9166666666,87145.11849810205,14.285714285714285,0.0
South West Delhi,10,788623.2499999999,28010.940445146018,20.0,0.0
South West Garo Hills,3,86659.58333333333,43285.71195691711,33.33333333333333,0.0
South West Khasi Hills,2,81274.83333333333,15083.70971317958,0.0,0.0
Sri Muktsar Sahib,6,262933.1666666667,20430.463807162898,16.666666666666664,0.0
Sri Potti Sriramulu Nellore,18,859173.5,9310.867938347845,5.555555555555555,0.0
Sri Sathya Sai,10,386167.1666666667,22504.884805901052,10.0,0.0
Sribhumi,6,630219.5833333334,12387.680996535179,33.33333333333333,0.0
Srikakulam,61,2705935.0833333335,17454.888969665775,3.278688524590164,0.0
Srinagar,6,143675.91666666666,191318.33584151766,33.33333333333333,0.0
Subarnapur,2,111040.41666666666,11354.936020095469,0.0,0.0
Sukma,2,134134.91666666666,16451.395894809444,0.0,0.0
Sultanpur,26,2190212.6666666665,14130.296212464289,7.6923076923076925,0.0
Sundargarh,13,798009.4166666666,14172.559089979102,15.384615384615385,0.0
Sundergarh,33,1078895.75,122394.9441392046,3.0303030303030303,0.0
Supaul,18,2419198.75,13538.137224849223,11.11111111111111,0.0
Surajpur,4,424324.75,22909.00555306716,25.0,25.0
Surat,58,1957232.5833333333,162880.43167886193,6.896551724137931,0.0
Surendra Nagar,18,1036142.5833333334,8598.008963501308,11.11111111111111,0.0
Surendranagar,3,293446.9166666667,8038.775101455506,0.0,33.33333333333333
Surguja,8,1346825.75,18449.190639803346,25.0,25.0
Tamenglong,4,64578.333333333336,30228.115930453947,0.0,25.0
Tamulpur District,1,80890.41666666667,6726.383945358174,0.0,0.0
Tapi,14,973375.1666666666,5813.272470987763,14.285714285714285,0.0
Tarn Taran,22,505756.9166666667,28671.028450163874,13.636363636363635,0.0
Tawang,3,34880.75,20050.145209145674,0.0,33.33333333333333
Tehri Garhwal,22,882732.4166666666,15160.336126136755,4.545454545454546,0.0
Tenkasi,14,314776.5833333334,338838.07089475996,7.142857142857142,0.0
Thane,40,1535131.1666666667,255452.98588560388,10.0,0.0
Thanjavur,86,1963949.3333333333,39463.97200624619,1.1627906976744187,0.0
The Dangs,4,211226.1666666667,12483.868196739686,0.0,25.0
The Nilgiris,6,102758.5,9994.033030695427,33.33333333333333,0.0
Theni,21,520409.0,38457.2867928591,4.761904761904762,0.0
Thiruvallur,12,440999.5,11433.138347881502,16.666666666666664,0.0
Thiruvananthapuram,59,2786985.3333333335,1717.0340713668895,18.64406779661017,0.0
Thiruvarur,57,1138822.8333333333,15658.645313204097,1.7543859649122806,0.0
Thoothukkudi,77,1482548.5833333333,12740.655213512466,18.181818181818183,0.0
Thoubal,1,57534.5,11619.115487229401,0.0,0.0
Thrissur,116,3469241.8333333335,1567.5350591780423,18.103448275862068,1.7241379310344827
Tikamgarh,11,957287.5,16787.474797330335,9.090909090909092,0.0
Tinsukia,30,1236352.3333333333,6548.946323774185,3.3333333333333335,0.0
Tirap,2,43304.5,12238.759642349727,0.0,0.0
Tiruchirappalli,64,1586542.3333333333,25160.132501831977,6.25,0.0
Tirunelveli,71,1176236.4166666667,29295.39392480311,2.8169014084507045,0.0
Tirupathur,1,54297.833333333336,19562.47486854908,0.0,0.0
Tirupati,16,947036.4166666667,16370.63657698139,6.25,0.0
Tirupattur,20,632381.3333333334,11787.291532768408,15.0,0.0
Tiruppur,48,1538228.5,21697.14457104493,4.166666666666666,0.0
Tiruvallur,42,1688276.25,279228.9308122596,2.380952380952381,0.0
Tiruvannamalai,63,2332994.1666666665,9446.097618200674,4.761904761904762,0.0
Tonk,16,1390596.3333333333,9724.194682570076,18.75,0.0
Tuensang,2,74935.75,14760.030571345935,0.0,0.0
Tumakuru,31,1136698.0833333333,8576.134439500958,6.451612903225806,3.225806451612903
Tumkur,25,758085.1666666666,10118.763205135341,20.0,0.0
Udaipur,32,2732511.6666666665,9705.841470325344,6.25,15.625
Udalguri,19,1143904.5833333333,21557.77554992881,5.263157894736842,0.0
Udham Singh Nagar,13,1105766.1666666667,17019.830552485768,7.6923076923076925,0.0
Udhampur,13,323980.5,25617.16761571408,7.6923076923076925,23.076923076923077
Udupi,64,1176812.5833333333,14198.029722874817,3.125,0.0
Ujjain,17,1299427.75,117814.21452572984,5.88235294117647,0.0
Ukhrul,3,172975.08333333334,27932.61769320628,33.33333333333333,0.0
Umaria,6,773480.75,8863.865599778515,16.666666666666664,16.666666666666664
Una,33,218416.75,41548.22317525778,9.090909090909092,0.0
Unakoti,4,43021.5,53611.39278367699,0.0,25.0
Unnao,19,2854723.5,5042.369034690786,10.526315789473683,0.0
Upper Siang,2,20535.083333333332,10765.337172802361,0.0,0.0
Upper Subansiri,1,70865.08333333333,10860.073308317096,0.0,0.0
Uttar Bastar Kanker,4,262508.75,15807.55900575603,0.0,25.0
Uttar Dinajpur,3,39195.0,211653.07744400544,33.33333333333333,0.0
Uttara Kannada,70,1370104.1666666667,7853.247906139815,5.714285714285714,0.0
Uttarkashi,10,456860.75,8938.31231277256,10.0,20.0
Vadodara,43,1519951.5833333333,34342.88020545264,20.930232558139537,0.0
Vaishali,18,4152440.9166666665,67616.53909254487,5.555555555555555,0.0
Valsad,29,1509801.8333333333,10368.114588691393,6.896551724137931,0.0
Varanasi,33,2837719.4166666665,30192.957752867253,6.0606060606060606,0.0
Vellore,69,1794019.3333333333,26057.407508048746,2.898550724637681,0.0
Vidisha,12,1305560.0,12647.145867056875,8.333333333333332,16.666666666666664
Vijayanagara,8,385204.1666666666,12344.344533555304,12.5,0.0
Vijayapura,14,617260.25,9842.08528580612,21.428571428571427,14.285714285714285
Villupuram,40,1574578.6666666667,11284.669685970075,5.0,0.0
Viluppuram,30,1264965.0,34738.54877005194,3.3333333333333335,0.0
Virudhunagar,53,1612657.0833333333,57432.5641751262,1.8867924528301887,0.0
Visakhapatnam,36,1945048.3333333333,48962.614599684784,13.88888888888889,0.0
Vizianagaram,44,1988532.9166666667,12033.373753067297,13.636363636363635,0.0
Warangal,68,2593651.1666666665,29940.307568277447,4.411764705882353,0.0
Wardha,15,980292.75,13647.934408075067,13.333333333333334,6.666666666666667
Washim,9,637557.4166666666,19204.86479145694,11.11111111111111,11.11111111111111
Washim *,4,409409.75,19415.097089874413,25.0,25.0
Wayanad,18,935276.5833333334,2341.058590980867,5.555555555555555,0.0
West,2,79964.5,14775.437805240621,0.0,0.0
West Champaran,12,2676972.0833333335,13015.988065909449,8.333333333333332,0.0
West Delhi,2,860948.8333333333,37328.14484063863,0.0,0.0
West Garo Hills,6,484462.5833333334,12764.980314906139,0.0,33.33333333333333
West Godavari,86,2915554.0833333335,13294.361005145132,1.1627906976744187,0.0
West Jaintia Hills,3,211492.83333333334,9589.055978821978,33.33333333333333,0.0
West Kameng,7,157419.08333333334,12520.096049295205,28.57142857142857,14.285714285714285
West Khasi Hills,1,110190.75,22483.73842631981,0.0,0.0
West Midnapore,3,132865.66666666666,165125.18364507137,33.33333333333333,0.0
West Nimar,10,1273139.5,12754.458631002828,10.0,0.0
West Siang,2,63641.25,16252.141727050162,0.0,0.0
West Sikkim,1,17876.333333333332,22789.90844505771,0.0,0.0
West Singhbhum,7,560619.0833333333,41186.434364552915,14.285714285714285,0.0
West Tripura,15,401947.0833333333,55501.12306547019,20.0,0.0
Wokha,1,122243.83333333333,7765.626895971576,0.0,0.0
Y. S. R,18,628395.3333333334,108149.64830184676,11.11111111111111,0.0
Yadgir,10,557450.5833333334,7198.0153227832925,10.0,10.0
Yamuna Nagar,9,529244.4166666666,20942.24261042022,11.11111111111111,0.0
Yamunanagar,1,143492.5,10797.776887293761,0.0,0.0
Yavatmal,32,2150560.25,38921.722127907226,18.75,0.0
Zunheboto,4,202493.83333333334,8218.50561317782,0.0,25.0
yadgir,6,612064.75,7666.213148617478,33.33333333333333,16.666666666666664
